Factory_Name,Factory_Type,Product_Type,Brands,Occasion,Supplier_Group,City,State,Country,Total_Workers,Line_Workers,Percent_Female_Workers,Percent_Migrant_Workers
"A & K DESIGNS, INC.",FINISHED GOODS,APPAREL,NIKE,Collegiate,A & K DESIGNS,PORTLAND,OREGON,USA,108,94,0.70,0.00
A. FIRST VINA CO. LTD.,FINISHED GOODS,APPAREL,"NIKE, CONVERSE, HURLEY",,A. FIRST VINA CO. LTD.,BIEN HOA,DONG NAI,VIETNAM,1958,1844,0.88,0.06
"ACABADOS Y SERIGRAFIA, SA (ACSA)",FINISHED GOODS,APPAREL,HURLEY,,NO SUPPLIER GROUP,MIXCO,GUATEMALA,GUATEMALA,140,130,0.31,0.00
ADORA FOOTWEAR LIMITED,FINISHED GOODS,FOOTWEAR,CONVERSE,,HONG FU,TAM DIEP TOWN,NINH BINH PROVINCE.,VIETNAM,7678,6736,0.90,0.14
AIRTEX,FINISHED GOODS,EQUIPMENT,NIKE,,"STX, LLC",MINNEAPOLIS,MINNESOTA,USA,72,42,0.69,0.00
AJARA TEXTILE,FINISHED GOODS,APPAREL,NIKE,,MILTEKS,POTI,SAMEGRELO-ZEMO SVANETI,GEORGIA,631,624,0.99,0.00
ALL WELLS INTERNATIONAL,FINISHED GOODS,EQUIPMENT,NIKE,,ALL WELLS INTERNATIONAL,BA RIA,VUNG TAU PROVINCE,VIETNAM,5446,3685,0.80,0.48
ALMAXTEX TEKSTIL,FINISHED GOODS,APPAREL,"NIKE, CONVERSE",,YESIM,BURSA,BURSA,TURKEY,2426,1658,0.48,0.00
ANDBRAVA SRL,FINISHED GOODS,EQUIPMENT,CONVERSE,,NO SUPPLIER GROUP,BUENOS AIRES ,BUENOS AIRES ,ARGENTINA,7,5,0.14,0.00
ANHUI COSMO SPORTING GOODS COMPANY LIMITED,FINISHED GOODS,EQUIPMENT,NIKE,,ANHUI COSMO,LU'AN CITY,ANHUI,CHINA,366,304,0.89,0.00
ANIGER CALÇADOS SUPRIMENTOS E EMPREENDIMENTOS LTDA,FINISHED GOODS,FOOTWEAR,NIKE,,ANIGER,CAMPO BOM – RS,RS,BRAZIL,445,218,0.48,0.00
ANNIC LLC,FINISHED GOODS,APPAREL,NIKE,Collegiate,GILDAN,MASATEPE,,NICARAGUA,4011,3433,0.50,0.00
ANNORA VIETNAM FOOTWEAR,FINISHED GOODS,FOOTWEAR,"NIKE, CONVERSE",,HONG FU,TINH GIA DISTRICT,THAN HOA,VIETNAM,13722,11525,0.92,0.03
ANTLER FABRIC PRINTERS (PVT) LTD,FINISHED GOODS,APPAREL,NIKE,,MAS HOLDINGS,PILIYANDALA,SRI LANKA,SRI LANKA,903,603,0.43,0.00
ANVIL KNITWEAR HONDURAS,MATERIALS,MATERIALS,NIKE,,GILDAN,NACO QUIMISTAN,SANTA BARBARA,HONDURAS,,,0.00,0.00
ARTFX CONCORD,FINISHED GOODS,APPAREL,NIKE,Collegiate,TEGRA,CONCORD,NORTH CAROLINA,USA,114,106,0.52,0.08
ARTFX DALLAS,FINISHED GOODS,APPAREL,NIKE,Collegiate,TEGRA,WEST IRVING,TEXAS,USA,87,80,0.60,0.04
ARTFX INC,FINISHED GOODS,APPAREL,NIKE,Collegiate,TEGRA,NORFOLK,VIRGINIA,USA,534,496,0.35,0.08
ASENA 3 TEXTIL S.R.L.,FINISHED GOODS,APPAREL,"NIKE, CONVERSE",,YESIM,CEADIR LUNGA,,MOLDOVA,335,317,0.92,0.00
ASENA 4,FINISHED GOODS,APPAREL,"NIKE, CONVERSE",,YESIM,"KONGAZ,COMRAT ",,MOLDOVA,387,375,0.95,0.00
ASENA TEXTILE,FINISHED GOODS,APPAREL,"NIKE, CONVERSE",,YESIM,KAZAYAK,CEADIR LUNGA ,MOLDOVA,283,259,0.93,0.00
ASENA-TEXTIL S.R.L.,FINISHED GOODS,APPAREL,"NIKE, CONVERSE",,YESIM,CEADIR-LUNGA,,MOLDOVA,354,346,0.93,0.00
ASIA GARMENT MANUFACTURER (VN),FINISHED GOODS,APPAREL,NIKE,,ESQUEL,BIEN HOA,DONG NAI,VIETNAM,2242,1912,0.82,0.00
ATELIER DE COSTURA GIOLA,FINISHED GOODS,FOOTWEAR,CONVERSE,,NO SUPPLIER GROUP,PRESIDENTE LUCENA,RS,BRAZIL,33,32,0.90,0.00
ATOMS,FINISHED GOODS,EQUIPMENT,NIKE,,ATOMS,SAKURAI,NARA PREFECTURE,JAPAN,6,3,0.50,0.00
AURORA INDUSTRIAL(VIETNAM) FOOTWEAR,FINISHED GOODS,FOOTWEAR,CONVERSE,,HONG FU,HAIPHONG,,VIETNAM,7495,6337,0.86,0.01
BADGE PROMOTIONS BV,FINISHED GOODS,APPAREL,NIKE,,EUROCAP,WOERDEN,,NETHERLANDS,15,12,0.35,0.00
BAIKSAN CO. LTD.,MATERIALS,MATERIALS,NIKE,,BAIKSAN,SIHEUNG-SI,BUSAN,SOUTH KOREA,,,0.00,0.00
BAIKSAN INDONESIA,MATERIALS,MATERIALS,NIKE,,BAIKSAN,TANGERANG,BANTEN,INDONESIA,,,0.00,0.00
BAIKSAN VIETNAM,MATERIALS,MATERIALS,NIKE,,BAIKSAN,HUYEN TAN UYEN & BEN CAT,BINH DUONG,VIETNAM,,,0.00,0.00
"BC GRAPHICS, INC",FINISHED GOODS,APPAREL,NIKE,Collegiate,BC GRAPHICS INC.,PORTLAND,OR,USA,31,24,0.59,0.00
BEST WALLET & CO SRL,FINISHED GOODS,APPAREL,NIKE,,NO SUPPLIER GROUP,SEREGNO,LOMBARDIA,ITALY,16,13,0.60,0.00
BIG GAME SPORTS,FINISHED GOODS,EQUIPMENT,NIKE,Collegiate,NO SUPPLIER GROUP,DALLAS,TEXAS,USA,39,31,0.20,0.45
BLUE STAR GRAPHICS,FINISHED GOODS,APPAREL,NIKE,,BLUE STAR,DALLAS,TEXAS,USA,49,42,0.63,0.00
BODYLINE (PRIVATE) LIMITED - BALANGODA,FINISHED GOODS,APPAREL,NIKE,,MAS HOLDINGS,BALANGODA,SRI LANKA,SRI LANKA,1200,745,0.83,0.00
BODYLINE (PVT) LIMITED,FINISHED GOODS,APPAREL,"NIKE, HURLEY",Collegiate,MAS HOLDINGS,HORANA,WESTERN PROVINCE,SRI LANKA,5878,3170,0.78,0.00
BODYLINE (PVT) LIMITED (BPL II),FINISHED GOODS,APPAREL,NIKE,,MAS HOLDINGS,AGALAWATTA,WESTERN PROVINCE,SRI LANKA,2193,1528,0.85,0.00
BODYLINE PRIVATE LIMITED III,FINISHED GOODS,APPAREL,NIKE,,MAS HOLDINGS,AGALAWATTA,SRI LANKA,SRI LANKA,1033,643,0.87,0.00
BOECK & BOECK,FINISHED GOODS,FOOTWEAR,CONVERSE,,NO SUPPLIER GROUP,PICADA-CAFÉ,RS,BRAZIL,40,39,0.92,0.00
BOKAI TEXTILE,MATERIALS,MATERIALS,NIKE,,JOY TEXTILE,NEW TAIPEI CITY,T'AI-PEI,TAIWAN,,,0.00,0.00
"BOU JIN (YANGZHOU) GARMENTS CO., LTD",FINISHED GOODS,APPAREL,NIKE,Collegiate,BOU JIN GARMENTS GROUP,YANGZHOU,JIANGSU,CHINA,891,575,0.79,0.00
BRANCH OF THUAN PHUONG EMBROIDERIES GARMENTS COMPANY LIMITED - THUAN PHUONG LONG AN FACTORY,FINISHED GOODS,APPAREL,"NIKE, CONVERSE, HURLEY",,NO SUPPLIER GROUP,CAN DUON,LONG AN,VIETNAM,1343,617,0.63,0.00
"BSN SPORTS, LLC",FINISHED GOODS,APPAREL,NIKE,,"HAT WORLD INC. DBA LIDS TEAM SPORTS A DIVISION OF GENESCO, INC",INDIANAPOLIS,INDIANA,USA,177,132,0.52,0.00
BUMCHANG DOORI,FINISHED GOODS,EQUIPMENT,NIKE,,BUMCHANG DOORI,SUNGNAM-SI,KYUNGGI-DO,SOUTH KOREA,11,10,0.45,0.00
C S ALLIANCE INTERNATIONAL COMPANY LIMITED,FINISHED GOODS,EQUIPMENT,CONVERSE,,NS SOCKS,ZHONGSAN,GUANGDONG,CHINA,194,124,0.67,0.00
C&E CONFECCOES LTDA,FINISHED GOODS,APPAREL,HURLEY,,NO SUPPLIER GROUP,SAO GABRIEL DA PALHA,ES,BRAZIL,66,58,0.55,0.00
C&W EMBROIDERY,FINISHED GOODS,APPAREL,NIKE,Collegiate,NO SUPPLIER GROUP,RIENZI,MISSISSIPPI,USA,87,75,0.84,0.00
C.C. CREATIONS,FINISHED GOODS,APPAREL,NIKE,Collegiate,NO SUPPLIER GROUP,BRYAN,TEXAS,USA,222,155,0.52,0.00
CALCETINES DE EXPORTACIÓN SAN JOSÉ S.A. DE C.V,FINISHED GOODS,APPAREL,CONVERSE,,NO SUPPLIER GROUP,PUEBLA,PUEBLA,MEXICO,15,13,0.54,0.00
CALIFORNIA TEXTILE S.A. DE C.V.,FINISHED GOODS,APPAREL,NIKE,,JOWETT,"ESPERANZA, CD OBREGON",SONORA,MEXICO,1109,1026,0.69,0.04
"CAMPECHE SPORTSWEAR, S. DE R.L.DE C.V.",FINISHED GOODS,APPAREL,"NIKE, HURLEY",,FUN TEES,SAN FRANCISCO DE CAMPECHE,CAMPECHE,MEXICO,189,95,0.44,0.00
"CAN SPORTS VIETNAM CO., LTD",FINISHED GOODS,FOOTWEAR,NIKE,,SPORTS GEAR,DUONG MINH CHAU DISTRICT,TAY NINH PROVINCE,VIETNAM,9481,7708,0.68,0.00
"CCH TOP (VN) CO., LTD.",FINISHED GOODS,APPAREL,NIKE,Collegiate,CHUAN CHENG,HO CHI MINH,HO CHI MINH,VIETNAM,2155,2076,0.85,0.58
CHANG SHIN INDONESIA,FINISHED GOODS,FOOTWEAR,NIKE,,CHANGSHIN,KARAWANG,WEST JAVA,INDONESIA,13346,11718,0.86,0.00
"CHANG SHIN VIETNAM CO., LTD",FINISHED GOODS,FOOTWEAR,NIKE,,CHANGSHIN,LONG THANH DISTRICT,DONG NAI,VIETNAM,5085,4970,0.93,0.00
"CHANG SHIN VIETNAM COMPANY, LTD.",FINISHED GOODS,FOOTWEAR,NIKE,,CHANGSHIN,DONG NAI,DONG NAI,VIETNAM,25307,24178,0.80,0.00
CHANGSHIN INC.,FINISHED GOODS,FOOTWEAR,NIKE,,CHANGSHIN,BUSAN,KOREA,SOUTH KOREA,822,290,0.37,0.00
"CHANG-TAI CO., LTD.",MATERIALS,MATERIALS,NIKE,,EVEREST,TAOYUAN,T'AI-PEI,TAIWAN,,,0.00,0.00
"CHANGZHOU ESQUEL KNITTING APPAREL CO., LTD",FINISHED GOODS,APPAREL,NIKE,,ESQUEL,CHANGZHOU,JIANGSU,CHINA,815,660,0.90,0.00
"CHENG HORNG INDUSTRIAL CO., LTD.",MATERIALS,MATERIALS,NIKE,,LITTLE KING INDUSTRIES CO. LTD.,TAOYUAN,KAO-HSIUNG,TAIWAN,,,0.00,0.00
CHUAN CHENG (YUN LIN) FACTORY,FINISHED GOODS,APPAREL,NIKE,Collegiate,CHUAN CHENG,YUAN LIN HSIEN,,TAIWAN,50,44,0.88,0.00
"CHUAN CHENG HAT CO., LTD.",FINISHED GOODS,APPAREL,"NIKE, HURLEY",Collegiate,CHUAN CHENG,TAICHUNG,"TAIWAN, R.O.C.",TAIWAN,98,84,0.77,0.20
CIGNACHI - INDÚSTRIA E COMÉRCIO LTDA,FINISHED GOODS,FOOTWEAR,CONVERSE,,NO SUPPLIER GROUP,FARROUPILHA,"RS, BRASIL",BRAZIL,33,32,0.92,0.00
COCALQUI COOPERATIVA DE TRABALHO DA INDÚSTRIA DE CALÇADOS DE QUIXERAMOBIM,FINISHED GOODS,FOOTWEAR,NIKE,,ANIGER,QUIXERAMOBIM,CEARÁ,BRAZIL,4416,4339,0.54,0.00
COLLITEX S.R.L.,FINISHED GOODS - COMPONENTS,FOOTWEAR,NIKE,,AVERY DENNISON,ANCARANO,ABRUZZI,ITALY,406,289,0.47,0.01
CONG TIEN GARMENT JOINT STOCK COMPANY,FINISHED GOODS,APPAREL,NIKE,Collegiate,SOUTH ISLAND,GO CONG,TIEN GIANG,VIETNAM,2152,2053,0.85,0.00
"CONTOUR OPTIK (JIANGXI) CO., LTD.",FINISHED GOODS,EQUIPMENT,CONVERSE,,NO SUPPLIER GROUP,YINGTAN,JIANGXI,CHINA,54,34,0.46,1.00
COOPERATIVA TEXTIL SEUCA LTDA.,FINISHED GOODS,APPAREL,CONVERSE,,NO SUPPLIER GROUP,GUAYMALLEN,MENDOZA,ARGENTINA,35,27,0.74,0.00
COOPERSHOES - COOPERATIVA DE TRABALHO E INDUSTRIA DE CALÇADOS JOANETENSE LTDA (GARIBALDI),FINISHED GOODS,FOOTWEAR,CONVERSE,,COOPERSHOES,GARIBALDI,RIO GRANDE DO SUL,BRAZIL,124,119,0.88,0.00
COOPERSHOES - COOPERATIVA DE TRABALHO E INDUSTRIA DE CALÇADOS JOANETENSE LTDA (LAS FLORES),FINISHED GOODS,FOOTWEAR,CONVERSE,,COOPERSHOES,LAS FLORES,ARGENTINA,ARGENTINA,156,151,0.37,0.01
COOPERSHOES - COOPERATIVA DE TRABALHO E INDUSTRIA DE CALÇADOS JOANETENSE LTDA (MORADA NOVA),FINISHED GOODS,FOOTWEAR,CONVERSE,,COOPERSHOES,MORADA NOVA,CEARA,BRAZIL,2051,1888,0.77,0.00
COOPERSHOES - COOPERATIVA DE TRABALHO E INDUSTRIA DE CALÇADOS JOANETENSE LTDA (PICADA CAFÉ),FINISHED GOODS,FOOTWEAR,CONVERSE,,COOPERSHOES,PICADA CAFÉ,RS,BRAZIL,897,607,0.58,0.00
CORPORACIÓN INDYKNIT S.A.,FINISHED GOODS,APPAREL,NIKE,Collegiate,INDIANA,VILLA NUEVA,GUATEMALA,GUATEMALA,2669,1130,0.63,0.00
CROWN MANUFACTURING,FINISHED GOODS,APPAREL,NIKE,Collegiate,NO SUPPLIER GROUP,BARTLETT,TENNESSEE,USA,71,57,0.93,0.00
DAEHWA LEATHER LESTARI,MATERIALS,MATERIALS,NIKE,,DAEHWA,BEKASI,JAWA BARAT,INDONESIA,,,0.00,0.00
"DAQIAN TEXTILE (CAMBODIA) CO., LTD",FINISHED GOODS,APPAREL,NIKE,,NINGBO,PHNOM PENH,POUTHISAT,CAMBODIA,5245,5100,0.95,0.91
DASS ELDORADO SRL,FINISHED GOODS,FOOTWEAR,NIKE,,DASS,ELDORADO,MISIONES,ARGENTINA,1066,837,0.64,0.04
DASS NORDESTE  CALÇADOS E ARTIGOS ESPORTIVOS LTDA.,FINISHED GOODS,APPAREL,NIKE,,CLASSICO,VITÓRIA DA CONQUISTA,BAHIA - BA,BRAZIL,1400,917,0.72,0.00
DASS NORDESTE CALÇADOS E ARTIGOS ESPORTIVOS LTDA,FINISHED GOODS,FOOTWEAR,NIKE,,DASS,IVOTI,RS,BRAZIL,39,20,0.90,0.00
DASS NORDESTE CALÇADOS E ARTIGOS ESPORTIVOS LTDA.,FINISHED GOODS,FOOTWEAR,NIKE,,DASS,SANTO ESTEVÃO,BAHIA,BRAZIL,2972,2610,0.68,0.00
DASS NORDESTE CALÇADOS E ARTIGOS ESPORTIVOS LTDA.,FINISHED GOODS - COMPONENTS,FOOTWEAR,NIKE,,DASS,VITORIA DA CONQUISTA,BAHIA,BRAZIL,2068,1281,0.34,0.00
DASS SUL CALÇADOS E ARTIGOS ESPORTIVOS LTDA,FINISHED GOODS,APPAREL,NIKE,,CLASSICO,SAUDADES,SC,BRAZIL,622,180,0.60,0.00
DASS SUL CALÇADOS E ARTIGOS ESPORTIVOS LTDA - VENANCIO AIRES,FINISHED GOODS - COMPONENTS,FOOTWEAR,NIKE,,DASS,VENANCIO AIRES,RIO GRANDE DO SUL,BRAZIL,176,104,0.67,0.00
DEAN SHOES VIETNAM,FINISHED GOODS,FOOTWEAR,NIKE,,DEAN SHOES,HO CHI MINH CITY,"BINH CHIEU WARD, THU DUC DISTRICT",VIETNAM,13647,12661,0.81,0.00
"DECOTEX INTERNATIONAL, LDTA DE C.V.",FINISHED GOODS,APPAREL,NIKE,Collegiate,TEGRA,CIUDAD ARCE,LA LIBERTAD,EL SALVADOR,1115,884,0.49,0.00
DELTA ALFA CORAP VE TEKSTIL SANAYI A.S.,FINISHED GOODS,EQUIPMENT,NIKE,,DELTA,DUZCE,DUZCE,TURKEY,526,471,0.46,0.00
DELTA GALIL INDUSTRIES LTD EGYPT,FINISHED GOODS,APPAREL,NIKE,,DELTA,EL-MINYA,AL-MINUFIYAH,EGYPT,0,716,0.00,0.00
DELTA GALIL VIETNAM CO. LTD,FINISHED GOODS,EQUIPMENT,NIKE,,DELTA,BINH DINH,BINH DINH,VIETNAM,1817,1565,0.78,0.00
DELTA SOCKS LTD.,FINISHED GOODS,EQUIPMENT,NIKE,,DELTA,KARMIEL,,ISRAEL,307,138,0.57,0.00
DELTA TEXTILE BULGARIA LTD.,FINISHED GOODS,EQUIPMENT,"NIKE, CONVERSE",,DELTA,ROUSSE,,BULGARIA,610,495,0.73,0.00
DER WILL S.A.,FINISHED GOODS,EQUIPMENT,"NIKE, HURLEY",,DER WILL,BUENOS AIRES,BUENOS AIRES,ARGENTINA,93,74,0.51,0.18
DEWHIRST CAMBODIA,FINISHED GOODS,APPAREL,NIKE,,DEWHIRST,PHNOM PENH,KANDAL,CAMBODIA,2565,2125,0.82,0.00
DEWHIRST SHANTA,FINISHED GOODS,APPAREL,NIKE,,DEWHIRST,DHAKA,BANGLADESH,BANGLADESH,2660,1845,0.59,0.00
"DIACO INTERNACIONAL, S.A. DE C.V.",FINISHED GOODS,APPAREL,"NIKE, HURLEY",,NO SUPPLIER GROUP,ENSENADA,BAJA CALIFORNIA,MEXICO,763,596,0.63,0.00
DIAMANT SRL,FINISHED GOODS,FOOTWEAR,"NIKE, CONVERSE",,DIAMANT,SORGA,VERONA,ITALY,231,176,0.63,0.00
DIAMANT SRL #2,FINISHED GOODS,FOOTWEAR,"NIKE, CONVERSE",,DIAMANT,MONTEBELLUNA,VENETO,ITALY,50,48,0.73,0.00
DM LANKA HOLDING (PVT) LTD.,FINISHED GOODS,APPAREL,NIKE,,MAS HOLDINGS,MIHINTALE,,SRI LANKA,1035,655,0.78,0.00
DOMINAE SRL,FINISHED GOODS,APPAREL,CONVERSE,,NO SUPPLIER GROUP,DOSSON DI CASIER,TV,ITALY,14,13,1.00,0.00
DONA ORIENT VIETNAM,FINISHED GOODS,FOOTWEAR,NIKE,Collegiate,FENG TAY,DONG NAI,DONG NAI,VIETNAM,10541,8746,0.70,0.00
"DONA PACIFIC VIETNAM  CO., LTD.",FINISHED GOODS,FOOTWEAR,NIKE,,FENG TAY,DONG NAI,DONG NAI  PROVINCE,VIETNAM,9587,7944,0.67,0.00
"DONA STANDARD FOOTWEAR CO., LTD",FINISHED GOODS,FOOTWEAR,NIKE,Collegiate,FENG TAY,DONG NAI,DONG NAI,VIETNAM,15281,13248,0.68,0.00
"DONA VICTOR FOOTWEAR CO., LTD",FINISHED GOODS,FOOTWEAR,NIKE,,FENG TAY,TRANG BOM DISTRICT,DONG NAI,VIETNAM,9677,8186,0.68,0.00
"DONG GUAN GOLDENPRENE SPORTING GOODS CO., LTD.",FINISHED GOODS,EQUIPMENT,"NIKE, CONVERSE, HURLEY",,"SUMMITOP INDUSTRIAL CO., LTD.","LIAOBU TOWN, DONGGUAN",GUANGDONG,CHINA,1972,1500,0.59,0.00
DONG GUAN NEW PROSPERITY OPTICAL MFY LTD. CHANG AN BRANCH,FINISHED GOODS,EQUIPMENT,NIKE,,NO SUPPLIER GROUP,DONGGUAN,GUANGDONG,CHINA,98,71,0.60,0.00
DONG GUAN STELLA,FINISHED GOODS,FOOTWEAR,"NIKE, CONVERSE",Collegiate,STELLA,DONGGUAN,GUANGDONG,CHINA,373,350,0.55,0.00
"DONG PEI INDUSTRIAL CO., LTD.",MATERIALS,MATERIALS,NIKE,,RAY FABRICS (CHUNRIH RD),YANGMEI CITY,T'AI-PEI,TAIWAN,,,0.00,0.00
DONGGUAN BACUI KNITWEAR CO LTD,FINISHED GOODS,APPAREL,NIKE,Collegiate,KENT KNITTERS,DONGGUAN,GUANGDONG,CHINA,920,807,0.61,0.00
DONGGUAN LIEN HONG BAGS & SPORTS ACCESSORIES LTD.,FINISHED GOODS,EQUIPMENT,"NIKE, CONVERSE",,NO SUPPLIER GROUP,DONG GUAN,GUANGDONG,CHINA,171,154,0.50,0.11
"DONGGUAN YOUKAI INDUSTRIAL CO., LTD",FINISHED GOODS,EQUIPMENT,NIKE,,NO SUPPLIER GROUP,DONGGUAN,SHENZHEN,CHINA,18,15,0.33,1.00
"DONG-JIN TEXTILE CO., LTD.",MATERIALS,MATERIALS,NIKE,,DONG JIN,BIEN HOA,DONG NAI PROVINCE,VIETNAM,,,0.00,0.00
DONGJIN TEXTILE DYEING HOUSE,FINISHED GOODS - COMPONENTS,FOOTWEAR,NIKE,,DONG JIN,"SA-HA GU, BUSAN",BUSAN,SOUTH KOREA,150,36,0.30,0.42
"DONGUAN LEE FONG LABEL MANUFACTURE CO., LTD",FINISHED GOODS - COMPONENTS,APPAREL,NIKE,Collegiate,LEE BOU LABEL ENTERPRISE CO,DONGGUAN CITY,GUANGDONG,CHINA,692,510,0.65,0.00
DUCKSAN YANBEOL RI,FINISHED GOODS - COMPONENTS,FOOTWEAR,NIKE,,DUCKSAN,GWANGJU-SI,GYEONGGI,SOUTH KOREA,26,22,0.47,0.46
DYNAMIC TEAM SPORTS,FINISHED GOODS,APPAREL,NIKE,Collegiate,DYNAMIC,TORONTO,ONTARIO,CANADA,100,90,0.77,0.00
"EAGLE NICE (YIFENG) GARMENTS CO., LTD",FINISHED GOODS,APPAREL,"NIKE, CONVERSE",Collegiate,EAGLE NICE,YIFENG,JIANGXI,CHINA,2484,1486,0.94,0.10
EAST WIND FOOTWEAR COMPANY LIMITED (INDIA BRANCH),FINISHED GOODS,FOOTWEAR,CONVERSE,,FENG TAY,CHENNAI,CHENNAI,INDIA,5489,4197,0.60,0.00
ECHO MARK,FINISHED GOODS,APPAREL,NIKE,,ECHO MARK,GUNMA PREF,GUMMA,JAPAN,95,77,0.66,0.18
ECLAT TEXTILE,MATERIALS,MATERIALS,NIKE,,"ECLAT TEXTILE CO., LTD.",BA RIA VUNG TAU,BA RIA-VUNG TAU,VIETNAM,,,0.00,0.00
"ECLAT TEXTILE CO., LTD",FINISHED GOODS,APPAREL,NIKE,,ECLAT,DONG NAI,DONG NAI,VIETNAM,6331,5728,0.90,0.00
"ECLAT TEXTILE CO., LTD",MATERIALS,MATERIALS,NIKE,,"ECLAT TEXTILE CO., LTD.",TAOYUAN CITY,T'AI-WAN,TAIWAN,,,0.00,0.00
EL BARON,FINISHED GOODS,APPAREL,NIKE,Collegiate,NEW HOLLAND,SAN PEDRO SULA,CORTES,HONDURAS,2275,1887,0.51,0.01
"ELITE INVESTMENT WORLDWIDE CO., LTD",FINISHED GOODS,APPAREL,NIKE,,TUNG MUNG,HO CHI MINH  CITY,HOA BINH,VIETNAM,1596,1227,0.63,0.00
ELTA COMPANY LIMITED,FINISHED GOODS,APPAREL,NIKE,,ELTA COMPANY LIMITED,LADKRABANG,BANGKOK,THAILAND,298,244,0.78,0.00
"ESQUEL GARMENT MANUFACTURING (VIETNAM) CO., LTD",FINISHED GOODS,APPAREL,NIKE,,ESQUEL,THUAN AN,BINH DUONG,VIETNAM,5187,4603,0.73,0.00
"E-TOP (VIETNAM) CO.,LTD",FINISHED GOODS,APPAREL,NIKE,,ECLAT,"MY XUAN VILLAGE, TAN THANH DISTRICT",BA RIA – VUNG TAU PROVINCE,VIETNAM,3211,1847,0.97,0.00
EVER TECH,FINISHED GOODS - COMPONENTS,FOOTWEAR,NIKE,,EVER TECH,TAN UYEN DISTRICT,BINH DUONG PROVINCE,VIETNAM,554,507,0.40,0.00
EVEREST TEXTILE,MATERIALS,MATERIALS,NIKE,,EVEREST,TAINAN CITY,T'AI-WAN,TAIWAN,,,0.00,0.00
EVEREST TEXTILE CHINA,MATERIALS,MATERIALS,NIKE,,EVEREST,SHANGHAI,SHANGHAI,CHINA,,,0.00,0.00
"EVEREST TEXTILE CO., LTD. ",MATERIALS,MATERIALS,NIKE,,EVEREST,RATCHABURI,CENTRAL,THAILAND,,,0.00,0.00
EVERGREEN APPAREL MFG.,FINISHED GOODS,APPAREL,NIKE,Collegiate,YY & ASSOCIATES,HILLSBORO,OREGON,USA,23,19,0.70,0.00
EVOLUCAO TEXTIL,FINISHED GOODS,APPAREL,HURLEY,,NO SUPPLIER GROUP,BLUMENAU,SC,BRAZIL,42,37,0.83,0.00
FA.IS.A. D.O.O.,FINISHED GOODS,EQUIPMENT,NIKE,,NO SUPPLIER GROUP,NOVIGRAD,ISTRIA,CROATIA,72,63,0.89,0.02
FAIRWAY ENTERPRISES COMPANY LIMITED,FINISHED GOODS,FOOTWEAR,NIKE,,FENG TAY,UTHANGARAI TALUK,TAMIL NADU,INDIA,2191,1641,0.66,0.00
FAR EASTERN,MATERIALS,MATERIALS,NIKE,,FAR EASTERN,JIANG SU,JIANGSU,CHINA,,,0.00,0.00
FAR EASTERN APPARAL (SUZHOU) LTD. CO,FINISHED GOODS,APPAREL,NIKE,Collegiate,FAR EASTERN,SUZHOU,JIANGSU,CHINA,1573,1122,0.87,0.55
FAR EASTERN APPAREL (VIETNAM) LIMITED,FINISHED GOODS,APPAREL,"NIKE, HURLEY",Collegiate,FAR EASTERN,THUAN AN,BINH DUONG,VIETNAM,4401,3439,0.81,0.00
FAR EASTERN NEW APPAREL (VIETNAM) LTD (MDC),FINISHED GOODS,APPAREL,NIKE,,FAR EASTERN,BINH PHUOC,BINH PHUOC,VIETNAM,3841,3110,0.73,0.00
FAR EASTERN NEW CENTURY CORPORATION,MATERIALS,MATERIALS,NIKE,,FAR EASTERN,TAOYUAN,T'AI-PEI,TAIWAN,,,0.00,0.00
"FASHION GARMENTS 2 CO., LTD - XUAN TAY",FINISHED GOODS,APPAREL,"NIKE, CONVERSE, HURLEY",,NO SUPPLIER GROUP,XUAN TAY,DONG NAI,VIETNAM,733,320,0.85,0.00
"FASHION GARMENTS LTD., UNIT 1",FINISHED GOODS,APPAREL,"NIKE, CONVERSE, HURLEY",,NO SUPPLIER GROUP,BIEN HOA,DONG NAI,VIETNAM,859,450,0.87,0.00
"FASHION GARMENTS LTD., UNIT 2",FINISHED GOODS,APPAREL,"NIKE, CONVERSE, HURLEY",,NO SUPPLIER GROUP,BIEN HOA,DONG NAI,VIETNAM,2233,1285,0.85,0.00
"FENG TAY ENTERPRISE CO., LTD",FINISHED GOODS,FOOTWEAR,"NIKE, CONVERSE",Collegiate,FENG TAY,DOU LIOU,YUNLIN COUNTY,TAIWAN,1799,354,0.50,0.00
FIBRAN CIA. LTDA.,FINISHED GOODS,APPAREL,NIKE,,NO SUPPLIER GROUP,QUITO,PICHINCHA,ECUADOR,698,625,0.62,0.00
"FJORD, LTD.",FINISHED GOODS,APPAREL,NIKE,Collegiate,FJORD,WOODBURN,OREGON,USA,128,90,0.88,0.00
FLEX,FINISHED GOODS,FOOTWEAR,NIKE,,FLEXTRONICS,GUADALAJARA,JALISCO,MEXICO,5943,5355,0.54,0.00
"FLEXTRONICS MANUFACTURING (ZHUHAI) CO, LTD",FINISHED GOODS,EQUIPMENT,NIKE,,FLEXTRONICS,ZHUHAI,GUANGDONG,CHINA,6325,5267,0.44,0.00
FLOCKEREI S & R,FINISHED GOODS,APPAREL,NIKE,,FLOCKEREI,SATTELDORF - GRONINGEN,BADEN-WURTTEMBERG,GERMANY,10,7,0.30,0.00
FOOTMARK(CAMBODIA)CORPORATION,FINISHED GOODS,APPAREL,NIKE,,NO SUPPLIER GROUP,PHNOM PENH,KANDAL,CAMBODIA,106,89,0.60,0.00
FOREST LEATHER,MATERIALS,MATERIALS,NIKE,,FOREST LEATHER,YUAN-LIN CHEN,T'AI-WAN,TAIWAN,,,0.00,0.00
FORMOSA INDONESIA COMPANY LIMITED,FINISHED GOODS,EQUIPMENT,NIKE,,FORMOSA,SEMARANG,JAKARTA,INDONESIA,1762,1419,0.91,0.01
FORMOSA LUGGAGE MANUFACTURING CO.LTD.,FINISHED GOODS,EQUIPMENT,NIKE,Collegiate,FORMOSA,HUIZHOU,GUANGDONG,CHINA,370,230,0.45,0.00
"FORMOSA TAFFETA CO., LTD",MATERIALS,MATERIALS,NIKE,,FORMOSA TAFFETA (FTC),TOULIU,,TAIWAN,,,0.00,0.00
"FORMOSA TAFFETA CO., LTD (CHINA)",MATERIALS,MATERIALS,NIKE,,FORMOSA TAFFETA (FTC),CHANGSHU,JIANGSU,CHINA,,,0.00,0.00
"FORMOSA TAFFETA, CO LTD VIETNAM",MATERIALS,MATERIALS,NIKE,,FORMOSA TAFFETA (FTC),BEN LUC,LONG AN,VIETNAM,,,0.00,0.00
"FRAMA Y SAGO, S.L./TORRATOX S.L",FINISHED GOODS,APPAREL,NIKE,,"FRAMA Y SAGO, S.L.",MATARO ,,SPAIN,7,6,0.20,0.00
FRAMAS KOREA,FINISHED GOODS - COMPONENTS,FOOTWEAR,NIKE,,NO SUPPLIER GROUP,ASAN,CHOONGNAM,SOUTH KOREA,37,,0.09,0.00
"FRAMAS KOREA VINA CO., LTD",FINISHED GOODS - COMPONENTS,FOOTWEAR,NIKE,,FRAMAS,DONG NAI,DONG NAI,VIETNAM,487,418,0.40,0.00
FREETREND VN INDUSTRIAL CO.LTD.,FINISHED GOODS,FOOTWEAR,NIKE,Collegiate,DEAN SHOES,HO CHI MINH,,VIETNAM,22170,19524,0.87,0.00
FRONTLINE IMAGE LIMITED,FINISHED GOODS,APPAREL,"NIKE, CONVERSE, HURLEY",,NO SUPPLIER GROUP,PLYMOUTH,ENGLAND,UNITED KINGDOM,78,57,0.40,0.16
"FUJIAN LIFENG FOOTWEAR CO., LTD.",FINISHED GOODS,FOOTWEAR,NIKE,Collegiate,FENG TAY,PUTIAN,FUJIAN,CHINA,3940,3296,0.79,0.00
"FUJIAN SAN FENG FOOTWEAR CO.,LTD",FINISHED GOODS,FOOTWEAR,NIKE,Collegiate,FENG TAY,FUZHOU,FUJIAN,CHINA,3230,2639,0.78,0.00
"FUJIAN WEILIN INDUSTRIAL CO., LTD",FINISHED GOODS,FOOTWEAR,CONVERSE,,HONG FU,FUQING,FUJIAN,CHINA,60,,0.30,0.00
"FUJIAN XIEFENG FOOTWEAR CO.,LTD.",FINISHED GOODS,FOOTWEAR,NIKE,Collegiate,FENG TAY,PUTIAN,FUJIAN,CHINA,4946,4279,0.78,0.00
"FU-LUH SHOES CO., LTD",FINISHED GOODS,FOOTWEAR,NIKE,,CHINGLUH,LONG AN,LONG AN,VIETNAM,9095,7197,0.74,0.00
"FUQING TUNTEX GARMENT, CO. LTD (MDC)",FINISHED GOODS,APPAREL,NIKE,,TUNG MUNG,FUQING,FUJIAN,CHINA,200,130,0.80,0.00
"FUTURE GARMENT CO., LTD",FINISHED GOODS,APPAREL,NIKE,,HI TECH,BANGKOK,BANGKOK METROPOLIS,THAILAND,470,449,0.65,0.70
GAIN LUCKY,MATERIALS,MATERIALS,NIKE,,NINGBO SHENZHOU,PHUOC DONG,TAY NINH,VIETNAM,,,0.00,0.00
GB LIGHT (KOREA),MATERIALS,MATERIALS,NIKE,,GB LIGHT,BUSAN,BUSAN,SOUTH KOREA,,,0.00,0.00
GB LIGHT (VIETNAM),MATERIALS,MATERIALS,NIKE,,GB LIGHT,THU DAU MOT,BINH DUONG,VIETNAM,,,0.00,0.00
GERMTON INDUSTRIAL COMPANY LTD.,FINISHED GOODS,APPAREL,"NIKE, CONVERSE, HURLEY",,NO SUPPLIER GROUP,HUONG AN COMMUNE,QUANG NAM,VIETNAM,2322,1120,0.82,0.01
GILDAN ACTIVEWEAR SAN MIGUEL S.A.,FINISHED GOODS,APPAREL,NIKE,,GILDAN,PUERTO CORTES,SANTA BARBARA,HONDURAS,4670,4074,0.60,0.00
GILDAN APPAREL USA INC. (VILLANUEVA),FINISHED GOODS,APPAREL,NIKE,Collegiate,GILDAN,VILLANUEVA,COLON,HONDURAS,5013,4395,0.62,0.00
GILDAN HOSIERY RIO NANCE S DE R.L. (RN4),FINISHED GOODS - COMPONENTS,APPAREL,NIKE,Collegiate,GILDAN,CHOLOMA,YORO,HONDURAS,2644,2096,0.22,0.00
GKOGKAS LAMPROS,FINISHED GOODS,APPAREL,NIKE,,ANO LIOSIA,ATHENS,CENTRAL GREECE & EVVOIA,GREECE,13,9,0.30,0.44
GOLD LONG JOHN CHINA,MATERIALS,MATERIALS,NIKE,,GOLD LONG JOHN,ZHONGSHAN,GUANGDONG,CHINA,,,0.00,0.00
GORDON AND SMITH,FINISHED GOODS,APPAREL,HURLEY,,NO SUPPLIER GROUP,SÃO PAULO,SP,BRAZIL,52,36,0.70,0.00
GRECALE IMPEX SRL,FINISHED GOODS,APPAREL,NIKE,,SPORTSWEAR COMPANY SPA,MACIN,BRAILA,ROMANIA,670,12,0.11,0.00
GREEN MODE SNC,FINISHED GOODS,APPAREL,CONVERSE,,NO SUPPLIER GROUP,S.STEFANO ZIMELLA (VR),,ITALY,18,12,0.90,0.00
"GREEN TG CO., LTD",FINISHED GOODS,APPAREL,"NIKE, CONVERSE, HURLEY",Collegiate,GREEN TEXTILES,TIEN GIANG,TIEN GIANG,VIETNAM,1012,882,0.89,0.00
GREEN VINA,FINISHED GOODS,APPAREL,"NIKE, CONVERSE, HURLEY",Collegiate,GREEN TEXTILES,THUAN AN,BINH DUONG PROVINCE,VIETNAM,2014,1854,0.83,0.00
"GUANG YANG SPORTING CO., LTD",FINISHED GOODS,EQUIPMENT,"NIKE, CONVERSE",Collegiate,GUANG YANG,QING YUAN,GUANGDONG,CHINA,949,802,0.86,0.00
GUANG YANG WORLDWIDE CORPORATION CO. LTD.,FINISHED GOODS,EQUIPMENT,NIKE,,GUANG YANG,LONG AN PROVINCE,LONG AN,VIETNAM,972,925,0.92,0.00
GUERILLA GRAFFIX,FINISHED GOODS,APPAREL,NIKE,Collegiate,NO SUPPLIER GROUP,ROCKFORD,ILLINOIS,USA,98,84,0.60,0.00
H&H SCREENING & GRAPHICS INC.,FINISHED GOODS,APPAREL,NIKE,,NO SUPPLIER GROUP,VISTA,CALIFORNIA,USA,34,11,0.59,0.00
H&L VIETNAM,FINISHED GOODS,APPAREL,NIKE,,NO SUPPLIER GROUP,BEN CAT TOWN,BINH DUONG,VIETNAM,1200,688,0.85,0.00
HA NOI GARMENT NO. 40 JOINT STOCK COMPANY,FINISHED GOODS,APPAREL,"NIKE, CONVERSE",Collegiate,MAXPORT,HA NOI CITY,HA NOI,VIETNAM,408,378,0.84,0.00
"HAIYAN GOLDEN GATE SOCKS INDUSTRY CO., LTD",FINISHED GOODS,EQUIPMENT,"NIKE, CONVERSE, HURLEY",,NO SUPPLIER GROUP,HAIYAN,ZHEJIANG,CHINA,70,50,0.70,0.12
HANSAE TG CO LTD,FINISHED GOODS,APPAREL,NIKE,,HANSAE,"CHAU THANH, TIEN GIANG",TIEN GIANG,VIETNAM,5192,5000,0.84,0.00
"HANSAE VIET NAM CO., LTD.",FINISHED GOODS,APPAREL,NIKE,,HANSAE,HO CHI MINH,HO CHI MINH,VIETNAM,7726,6949,0.80,0.46
HAPCO SCREEN PRINTING,FINISHED GOODS,APPAREL,NIKE,,NO SUPPLIER GROUP,"EMMAUS,",PENNSYLVANIA,USA,40,32,0.45,0.00
HAYAFUJI,FINISHED GOODS,FOOTWEAR,NIKE,,NO SUPPLIER GROUP,KYOTO-SHI,KYOTO-FU,JAPAN,5,4,0.25,0.00
"HB SPORTS - NEW HOLLAND LINGERIE DE HONDURAS, S.A.",FINISHED GOODS - COMPONENTS,APPAREL,NIKE,Collegiate,NEW HOLLAND,SAN PEDRO SULA,CORTES,HONDURAS,1960,1100,0.63,0.01
"HI TECH APPAREL (CAMBODIA) CO., LTD",FINISHED GOODS,APPAREL,NIKE,,HI TECH,POIPET CITY,KANDAL,CAMBODIA,3833,3722,0.63,0.00
"HI TECH APPAREL CO LTD, BRANCH 70",FINISHED GOODS,APPAREL,NIKE,Collegiate,HI TECH,BANGKRU,SAMUTPRAKARN,THAILAND,1230,976,0.60,0.72
HI TECH APPAREL SURIN BRANCH,FINISHED GOODS,APPAREL,NIKE,,HI TECH,THATOOM,,THAILAND,717,514,0.73,0.00
HIGUCHI KABAN KOBO,FINISHED GOODS,EQUIPMENT,NIKE,,NO SUPPLIER GROUP,SAITAMA,SAITAMA,JAPAN,16,8,0.50,0.50
"HI-TECH  CHAIYAPHUM  APPAREL CO.,LTD.",FINISHED GOODS,APPAREL,NIKE,,HI TECH,MUANG,CHAIYAPHUM,THAILAND,1081,705,0.68,0.16
HI-TECH APPAREL CO. LTD.(SOI91),FINISHED GOODS,APPAREL,NIKE,,HI TECH,BANGKOK,BANGKOK,THAILAND,1169,676,0.75,0.00
"HI-TECH CHAIYAPHUM APPAREL CO.,LTD.",FINISHED GOODS,APPAREL,NIKE,,HI TECH,MUANG,CHAIYAPHUM,THAILAND,617,556,0.70,0.05
"HI-TECH VIET NAM APPAREL CO.,LTD.",FINISHED GOODS,APPAREL,NIKE,,HI TECH,DUY XUYEN DISTRICT,QUANG NAM,VIETNAM,1197,1014,0.85,0.00
HONG KOW CO. LTD,MATERIALS,MATERIALS,NIKE,,LITTLE KING INDUSTRIES CO. LTD.,NEW TAIEPI CITY,T'AI-PEI,TAIWAN,,,0.00,0.00
"HONG SENG KNITTING CO., LTD BRANCH THUNGKHU",FINISHED GOODS,APPAREL,NIKE,,HONG SENG,BANGKOK,,THAILAND,471,414,0.65,0.92
HONG SENG KNITTING COMPANY LIMITED.,FINISHED GOODS,APPAREL,"NIKE, HURLEY",Collegiate,HONG SENG,RATHJABURANA,BANGKOK,THAILAND,3414,1549,0.65,0.96
HONG SENG THAI-VINA COMPANY LIMITED,FINISHED GOODS,APPAREL,"NIKE, HURLEY",,HONG SENG,DUC HOA DISTRICT,LONG AN,VIETNAM,902,823,0.80,0.02
HONSIN APPAREL SDN. BHD.,FINISHED GOODS,APPAREL,"NIKE, CONVERSE",,HONSIN,BATU PAHAT,JOHOR,MALAYSIA,1449,1275,0.25,0.90
HONWAYS APPAREL (SHUYANG) LIMITED,FINISHED GOODS,APPAREL,"NIKE, CONVERSE, HURLEY",,HONSIN,JIANGSU PROVINCE,JIANGSU,CHINA,1009,763,0.87,0.00
HUA FENG TEXTILE GROUP,FINISHED GOODS - COMPONENTS,FOOTWEAR,NIKE,,HUA FENG,PUTIAN,FUJIAN,CHINA,104,89,0.70,0.47
"HUAIAN YUANTONG HEADWEAR MFG. CO, LTD.",FINISHED GOODS,APPAREL,"NIKE, CONVERSE, HURLEY",Collegiate,JIANGSU,HUAI AN,JIANGSU,CHINA,874,732,0.80,0.00
HUGE BAMBOO,MATERIALS,MATERIALS,NIKE,,LITTLE KING INDUSTRIES CO. LTD.,TAOYUAN,TAIWAN,TAIWAN,,,0.00,0.00
HUI ZHOU STELLA FOOTWEAR CO.LTD.,FINISHED GOODS - COMPONENTS,FOOTWEAR,NIKE,,STELLA,GUANGDONG PROVINCE,GUANGDONG,CHINA,342,314,0.90,0.00
"HUIZHOU YANGMING INDUSTRIAL CO., LTD.",FINISHED GOODS,EQUIPMENT,CONVERSE,,NO SUPPLIER GROUP,HUIZHOU,GUANGDONG,CHINA,115,86,0.78,0.00
HUNG LONG GARMENT AND SERVICE JOINT STOCK COMPANY,FINISHED GOODS,APPAREL,NIKE,,NO SUPPLIER GROUP,HUNG YEN,HUNG YEN,VIETNAM,2563,2455,0.70,0.00
"I.S VIETNAM CO., LTD",FINISHED GOODS,APPAREL,NIKE,,HANSAE,HO CHI MINH CITY,HO CHI MINH CITY,VIETNAM,330,296,0.54,0.00
IDEA STAMPA S.R.L. UNIPERSONALE,FINISHED GOODS,APPAREL,NIKE,,IDEA STAMPA S.R.L. UNIPERSONALE,MEOLO (VENEZIA),VENETO,ITALY,16,13,0.75,0.00
IMPRESSIONS CASEE INC.,FINISHED GOODS,APPAREL,"NIKE, CONVERSE, HURLEY",,NO SUPPLIER GROUP,MONTREAL,QUEBEC,CANADA,4,3,0.25,0.00
INJEXTECH INC.,FINISHED GOODS,EQUIPMENT,NIKE,,NO SUPPLIER GROUP,TAINAN,T'AI-WAN,TAIWAN,163,151,0.55,0.17
INKWRIGHT LLC,FINISHED GOODS,APPAREL,HURLEY,,NO SUPPLIER GROUP,HUNTINGTON BEACH,CALIFORNIA,USA,121,85,0.67,0.00
INOVA TEXTILES S.A. DE C.V.,FINISHED GOODS,APPAREL,CONVERSE,,INOVA TEXTILES,JILOTEPEC,ESTADO DE MEXICO,MEXICO,242,229,0.75,0.00
INTERLOOP LIMITED,FINISHED GOODS,EQUIPMENT,NIKE,,INTERLOOP,FAISALABAD,PUNJAB,PAKISTAN,6739,5757,0.05,0.00
ITW SPORTS BRANDING ENPING,FINISHED GOODS - COMPONENTS,APPAREL,NIKE,Collegiate,ITW GRAPHICS ASIA LTD,ENPING,GUANGDONG,CHINA,167,138,0.64,0.00
JADE APPAREL INDUSTRIES SAE,FINISHED GOODS,APPAREL,NIKE,,YESIM,ALEXANDRIA,,EGYPT,1896,870,0.23,0.06
JADE LONG JOHN,MATERIALS,MATERIALS,NIKE,,GOLD LONG JOHN,CHANGHUA,SHE-TOU SHANG,TAIWAN,,,0.00,0.00
JADE TEXTILE EGYPT,FINISHED GOODS,APPAREL,NIKE,,YESIM,10TH OF RAMADAN CITY,SHARKIYYA,EGYPT,2656,1151,0.20,0.22
JIANGSU ASIAN SOURCING HEADWEAR MFG.CO.LTD,FINISHED GOODS,APPAREL,"NIKE, CONVERSE, HURLEY",Collegiate,JIANGSU,HUAI AN,JIANGSU,CHINA,1379,1196,0.87,0.00
"JIANGSU HONGBAO SPORTING GOODS CO., LTD",FINISHED GOODS,EQUIPMENT,NIKE,,NO SUPPLIER GROUP,HUAIAN,JIANGSU,CHINA,389,328,0.77,0.13
"JIANGSU JINHUBAO GARMENT CO., LTD",FINISHED GOODS,APPAREL,CONVERSE,,NO SUPPLIER GROUP,YANGZHOU,JIANGSU,CHINA,217,185,0.78,0.00
"JIANGSU XIAYUNFEI GARMENT CO., LTD.",FINISHED GOODS,APPAREL,"NIKE, CONVERSE, HURLEY",,NO SUPPLIER GROUP,JIANGYIN,JIANGSU,CHINA,268,243,0.70,0.00
"JIANGXI GUANGYOU SHOETOWN FOOTWEAR CO., LTD.",FINISHED GOODS,FOOTWEAR,NIKE,,SHOETOWN,NANCHANG,JIANGXI,CHINA,2503,1980,0.82,0.05
"JIANSHAN BENHUI PRINTING CO., LTD",FINISHED GOODS,APPAREL,"NIKE, CONVERSE, HURLEY",,JIASHAN BENHUI,JIAXING,ZHEJIANG,CHINA,22,15,0.41,0.00
JIAXING QUANG VIET GARMENT CO. LTD.,FINISHED GOODS,APPAREL,"NIKE, CONVERSE",,QUANG VIET,PING HU,ZHEJIANG,CHINA,1698,1559,0.52,0.01
"JIAXING SHINSUNG KANAAN  CO.,LTD",FINISHED GOODS,EQUIPMENT,"NIKE, CONVERSE, HURLEY",,KANAAN,JIAXIANG,ZHEJIANG,CHINA,122,33,0.85,0.00
"JINING YONGJIN SHOES CO., LTD.",FINISHED GOODS - COMPONENTS,FOOTWEAR,NIKE,,TAEKWANG,JI NING CITY,SHANDONG,CHINA,1236,1182,0.98,0.00
JK  GARMENTS  (PVT)  LTD,FINISHED GOODS,APPAREL,NIKE,,HONSIN,KURUNEGALA,NORTH  WESTURN,SRI LANKA,955,690,0.82,0.00
JNB TRADING S.A.,FINISHED GOODS,APPAREL,HURLEY,,NO SUPPLIER GROUP,PUERTA PARADA,,GUATEMALA,498,496,0.67,0.00
JSI,FINISHED GOODS - COMPONENTS,FOOTWEAR,NIKE,,TAEKWANG,BUSAN,BUSAN,SOUTH KOREA,640,374,0.22,0.00
JSI VINA CORPORATION,MATERIALS,MATERIALS,NIKE,,TAEKWANG,GÒ D?U,TAY NINH,VIETNAM,,,0.00,0.00
"KIM'S EMBROIDERY, INC.",FINISHED GOODS,APPAREL,NIKE,Collegiate,KIMS EMBROIDERY,PORTLAND,OREGON,USA,7,5,0.80,0.00
"KING RAY YENG INDUSTRIAL CO., LTD",FINISHED GOODS,EQUIPMENT,NIKE,,NO SUPPLIER GROUP,CHANGHWA,T'AI-WAN,TAIWAN,154,100,0.54,0.39
"KITAI  CO., LTD",FINISHED GOODS,EQUIPMENT,NIKE,,KITAI,KASHIBA,NARA,JAPAN,52,48,0.55,0.00
"KKN APPAREL CO., LTD",FINISHED GOODS,APPAREL,NIKE,,NICE APPAREL,NEANG KOK VILLAGE,KAOH KONG,CAMBODIA,6725,5807,0.53,0.02
"K-L MFG. CO., INC.",FINISHED GOODS,APPAREL,NIKE,Collegiate,K&L MANUFACTURING,SPOKANE,WASHINGTON,USA,133,130,0.59,0.00
"KUNSHAN SABRINA CLOTHES MAKING CO., LTD.",FINISHED GOODS,APPAREL,"NIKE, CONVERSE",Collegiate,SABRINA,KUNSHAN,JIANGSU,CHINA,972,848,0.87,0.00
KUO YUEN (CHINA),MATERIALS,MATERIALS,NIKE,,KUO YUEN,DONGGUAN,GUANGDONG,CHINA,,,0.00,0.00
KUO YUEN (VIETNAM),MATERIALS,MATERIALS,NIKE,,KUO YUEN,NHON TRACH DISTRICT,DONG NAI,VIETNAM,,,0.00,0.00
KWAN TAT VIETNAM CO. LTD,FINISHED GOODS,APPAREL,NIKE,,TUNG MUNG,H THUAN AN,BINH DUONG,VIETNAM,112,88,0.80,0.11
LATITUDES,FINISHED GOODS,APPAREL,"NIKE, CONVERSE",Collegiate,GRAPHICS GROUP,PORTLAND,OREGON,USA,60,42,0.57,0.91
LEADING STAR VIETNAM GARMENT COMPANY LIMITED,FINISHED GOODS,APPAREL,"NIKE, CONVERSE, HURLEY",,NO SUPPLIER GROUP,THUAN AN TOWN,BINH DUONG PROVINCE,VIETNAM,2314,1646,0.83,0.00
"LEOTEX TEXTILE, S.A. DE C.V.",FINISHED GOODS,APPAREL,NIKE,Collegiate,JOWETT,CD. OBREGON,SONORA,MEXICO,1542,1513,0.83,0.04
LES GANT CO LTD,FINISHED GOODS,EQUIPMENT,NIKE,,NO SUPPLIER GROUP,KAGAWA,KAGAWA,JAPAN,68,16,0.53,0.13
LES VETEMENTS SP APPAREL INC.,FINISHED GOODS,APPAREL,NIKE,Collegiate,SP APPAREL,GRANBY,QUEBEC,CANADA,88,55,0.80,0.11
"LI CHENG ENTERPRISE CO.,LTD",MATERIALS,MATERIALS,NIKE,,LI CHENG,YUN-LIN HSIEN,,TAIWAN,,,0.00,0.00
LIM GROUP SRL,FINISHED GOODS,FOOTWEAR,CONVERSE,,NO SUPPLIER GROUP,ITALY,VENETO,ITALY,26,19,0.25,0.11
LINEA  AITC,FINISHED GOODS,APPAREL,NIKE,,MAS HOLDINGS,THULHIRIYA,SABARAGAMUWA,SRI LANKA,444,242,0.83,0.00
LION BROTHERS FAR EAST,FINISHED GOODS - COMPONENTS,APPAREL,NIKE,Collegiate,LION BROTHERS,BAOAN,GUANGDONG,CHINA,452,332,0.47,0.00
LISI CALÇADOS E COSTURA LTDA,FINISHED GOODS - COMPONENTS,FOOTWEAR,NIKE,,DASS,SANTA CLARA DO SUL,RS,BRAZIL,89,79,0.84,0.00
LOGO CAPITAL,FINISHED GOODS,APPAREL,NIKE,,NO SUPPLIER GROUP,ALEXANDRIA,VIRGINIA,USA,24,20,0.33,0.00
LONG AN EXPORT GARMENT JOINT STOCK COMPANY (LASGE),FINISHED GOODS,APPAREL,NIKE,,UNITED SWEETHEART,TAN AN,LONG AN,VIETNAM,900,800,0.70,0.00
LONG CHUAN SIMONA FOOTWEAR CO. LTD,FINISHED GOODS,FOOTWEAR,NIKE,Collegiate,STELLA,HEYUAN,GUANGDONG,CHINA,5655,4768,0.87,0.00
"LONG FA SHOES INDUSTRIAL (HUIZHOU) CO., LTD.",FINISHED GOODS,FOOTWEAR,NIKE,,DEAN SHOES,HUIZHOU,GUANGDONG,CHINA,7785,6385,0.52,0.00
"LONG YUE SHOES INDUSTRIAL  (HUI  ZHOU)CO.,LTD.",FINISHED GOODS - COMPONENTS,FOOTWEAR,NIKE,,DEAN SHOES,HUIZHOU,GUANGDONG,CHINA,3033,2697,0.65,0.00
"LONGCHUAN SOMONA FOOTWEAR CO.,LTD WUHUA BRANCH",FINISHED GOODS - COMPONENTS,FOOTWEAR,NIKE,,STELLA,MEIZHOU,GUANGDONG,CHINA,759,712,0.96,0.00
LONGWAY VIETNAM COMPANY LIMITED,FINISHED GOODS,EQUIPMENT,NIKE,,NO SUPPLIER GROUP,DUC HOA,LONG AN,VIETNAM,0,800,0.00,0.00
LOTUS FOOTWEAR ENTERPRISES LIMITED UNIT-2,FINISHED GOODS,FOOTWEAR,NIKE,,FENG TAY,NEAR KANCHIPURAM,TAMIL NADU,INDIA,5803,4430,0.51,0.00
LOTUS FOOTWEAR ENTERPRISES LTD (FENG TAY),FINISHED GOODS,FOOTWEAR,NIKE,,FENG TAY,TIRUVANNAMALAI DISTRICT,TAMIL NADU,INDIA,7496,6172,0.57,0.00
LYNKA,FINISHED GOODS,APPAREL,NIKE,,LYNKA,"32-050 SKAWINA, POLAND",,POLAND,269,175,0.65,0.00
"M.D.K EMBROIDERIES GARMENTS CO., LTD",FINISHED GOODS,APPAREL,"NIKE, CONVERSE, HURLEY",,NO SUPPLIER GROUP,HO CHI MINH CITY,THANH PHO HO CHI MINH,VIETNAM,1235,1100,0.75,0.00
M/S STYLE TEXTILE (PVT.) LIMITED (SUNDER) - UNIT VI,FINISHED GOODS,APPAREL,"NIKE, HURLEY",,STYLE TEXTILE,LAHORE,PUNJAB,PAKISTAN,4224,3636,0.18,0.00
MANUFACTURAS KALTEX,FINISHED GOODS,APPAREL,CONVERSE,,NO SUPPLIER GROUP,SAN JUAN RÍO,QUERÉTARO,MEXICO,1350,1102,0.60,0.01
MARCHON ITALIA SRL,FINISHED GOODS,EQUIPMENT,NIKE,,NO SUPPLIER GROUP,PUOS D’ALPAGO,VENETO,ITALY,328,181,0.62,0.04
MARP INDUSTRIA TEXTIL,FINISHED GOODS,APPAREL,HURLEY,,NO SUPPLIER GROUP,BLUMENAU,SANTA CATARINA,BRAZIL,285,251,0.74,0.00
MAS ACTIVE (PVT) LIMITED - LEISURELINE,FINISHED GOODS,APPAREL,NIKE,Collegiate,MAS HOLDINGS,KATUNAYAKE,WESTERN PROVINCE,SRI LANKA,711,416,0.70,0.00
MAS ACTIVE (PVT) LTD - CONTOURLINE DIVISION,FINISHED GOODS,APPAREL,NIKE,Collegiate,MAS HOLDINGS,PALLEKELE,CENTRAL PROVINCE,SRI LANKA,1608,1072,0.66,0.00
MAS ACTIVE (PVT) LTD. - SHADOWLINE DIVISION,FINISHED GOODS,APPAREL,NIKE,,MAS HOLDINGS,KATUNAYAKE,WESTERN PROVINCE,SRI LANKA,1219,690,0.70,0.00
MAS ACTIVE (PVT.) LTD - SYNERGY,FINISHED GOODS,APPAREL,"NIKE, HURLEY",Collegiate,MAS HOLDINGS,AVISSAWELLA,WESTERN,SRI LANKA,1995,1276,0.68,0.00
MAS ACTIVE TRADING (PVT) LTD - LINEA INTIMO (MDC),FINISHED GOODS,APPAREL,NIKE,,MAS HOLDINGS,COLOMBO,SRI LANKA,SRI LANKA,777,660,0.45,0.00
MAS ACTIVE TRADING PVT LTD - VAANAVIL DIVISION,FINISHED GOODS,APPAREL,NIKE,,MAS HOLDINGS,COLOMBO,SRI LANKA,SRI LANKA,1761,1275,0.80,0.00
MAS AKSHAYA SPORTSWEAR PVT LTD,FINISHED GOODS,APPAREL,NIKE,,MAS HOLDINGS,ANDHRA PRADESH,TAMIL NADU,INDIA,608,290,0.80,0.00
MAS FABRICS (PVT) LTD - METHLIYA,FINISHED GOODS,APPAREL,NIKE,,MAS HOLDINGS,KEGALLE,SRI LANKA,SRI LANKA,1808,1193,0.77,0.00
MAS FABRICS (PVT.) LTD - MATRIX,FINISHED GOODS - COMPONENTS,FOOTWEAR,NIKE,,MAS HOLDINGS,THULHIRIYA,SRI LANKA,SRI LANKA,2381,1975,0.51,0.00
MASSIVE PRINTS,FINISHED GOODS,APPAREL,HURLEY,,NO SUPPLIER GROUP,RANCHO DOMINGUEZ,CALIFORNIA,USA,180,119,0.57,0.00
MATSUDA BABY SANGYO,FINISHED GOODS,EQUIPMENT,NIKE,,NO SUPPLIER GROUP,KASHIHARA,NARA,JAPAN,25,21,0.67,0.43
MAXPORT LIMITED (VIET NAM) _ NAM DINH BRANCH ( MAXPORT 05),FINISHED GOODS,APPAREL,NIKE,,MAXPORT,NAM DINH,NAM DINH,VIETNAM,1696,1505,0.85,0.00
MAXPORT LIMITED (VIET NAM) _ NAM DINH BRANCH ( MAXPORT 06),FINISHED GOODS,APPAREL,NIKE,,MAXPORT,NAM DINH,NAM DINH,VIETNAM,556,525,0.85,0.00
MD APPAREL-HYUN JIN S.A.,FINISHED GOODS,APPAREL,HURLEY,,NO SUPPLIER GROUP,GUATEMALA CITY,,GUATEMALA,634,580,0.56,0.02
"MEN-CHUEN FIBRE INDUSTRY CO., LTD. (TAIWAN)",MATERIALS,MATERIALS,NIKE,,MEN CHUEN,TAOYUAN,T'AI-WAN,TAIWAN,,,0.00,0.00
"MEN-CHUEN FIBRE INDUSTRY CO., LTD. (VIETNAM)",MATERIALS,MATERIALS,NIKE,,MEN CHUEN,BIEN HOA,DONG NAI,VIETNAM,,,0.00,0.00
MILTEKS TEKSTIL SANAYI VE TICARET A S,FINISHED GOODS,APPAREL,NIKE,,MILTEKS,BEYLIKDUZU,ISTANBUL,TURKEY,189,122,0.40,0.00
MILTEKS TEKSTIL SANAYI VE TICARET A.S. (AJARA TEXTILE LTD),FINISHED GOODS,APPAREL,NIKE,,MILTEKS,BATUMI,ADJARA,GEORGIA,689,615,1.00,0.00
MOGAE,MATERIALS,MATERIALS,NIKE,,MOGAE,BUSAN,SOUTH GYEONGSANG,SOUTH KOREA,,,0.00,0.00
NACIONAL COMPANY LTDA,FINISHED GOODS,APPAREL,HURLEY,,NO SUPPLIER GROUP,SAO PAULO,SAO PAULO,BRAZIL,49,43,0.56,0.00
NAM DINH STELLA FOOTWEAR CO. LTD.,FINISHED GOODS,FOOTWEAR,NIKE,,STELLA,NAM TRUC,NAM DINH,VIETNAM,3709,2909,0.82,0.00
NAM HA GARMENT JOINT STOCK COMPANY,FINISHED GOODS,APPAREL,NIKE,,JANTZEN,NAMDINH,HUNG YEN,VIETNAM,555,350,0.85,0.00
NAM THIEN COMPANY LIMITED,FINISHED GOODS,APPAREL,NIKE,,SOUTH ISLAND,HO CHI MINH,HO CHI MINH,VIETNAM,630,565,0.78,0.00
NAN YANG GARMENT,FINISHED GOODS,APPAREL,NIKE,,NAN YANG,"LADYAO, NAKHONSAWAN",,THAILAND,1526,1246,0.76,0.00
"NAN YANG GARMENT CO., LTD.",FINISHED GOODS,APPAREL,"NIKE, CONVERSE, HURLEY",Collegiate,NAN YANG,NONGKHAM,BANGKOK,THAILAND,1227,664,0.74,0.75
"NAN YANG GARMENT CO., LTD.",FINISHED GOODS,APPAREL,NIKE,Collegiate,NAN YANG,WACHIRABARAMI,PICHIT,THAILAND,2260,1230,0.80,0.00
"NANYANG GARMENT CO.,LTD",FINISHED GOODS,APPAREL,"NIKE, CONVERSE, HURLEY",,NAN YANG,A. SAMPHAN,NAKORNPATOM,THAILAND,1360,1330,0.67,0.69
NATIONAL EMBLEM (WANG CHU EMBROIDERY CO.),FINISHED GOODS - COMPONENTS,APPAREL,NIKE,Collegiate,NATIONAL EMBLEM,NEW TAIPEI CITY,T'AI-WAN,TAIWAN,12,10,0.85,0.20
NEW HOLLAND APPAREL DE NICARAGUA S A,FINISHED GOODS,APPAREL,NIKE,Collegiate,NEW HOLLAND,MANAGUA,,NICARAGUA,1813,1511,0.52,0.01
NEW WIN BELT AND ACCESSORIES,FINISHED GOODS,EQUIPMENT,NIKE,,NO SUPPLIER GROUP,PINGHU,ZHEJIANG,CHINA,77,57,0.55,0.00
"NICE APPAREL CO., LTD.",FINISHED GOODS,APPAREL,NIKE,,NICE APPAREL,KHONKEAN,,THAILAND,1736,1684,0.75,0.00
NICE APPAREL COMPANY LIMITED,FINISHED GOODS,APPAREL,NIKE,Collegiate,NICE APPAREL,MUANG DISTRICT,NONTHABURI,THAILAND,1168,1041,0.72,0.19
NICE APPAREL COMPANY LIMITED BRANCH CHUMPHAE,FINISHED GOODS,APPAREL,NIKE,,NICE APPAREL,CHUMPAE,KHONKAEN,THAILAND,3762,2896,0.71,0.00
NICE APPAREL COMPANY LIMITED BRANCH NONGBUALAMPHU,FINISHED GOODS,APPAREL,NIKE,,NICE APPAREL,NONGBUALAMPOO,NORTHERN,THAILAND,1438,1397,0.70,0.00
"NICE-BAG INTERNATIONAL IND CO.,LTD",FINISHED GOODS,EQUIPMENT,"NIKE, CONVERSE",,GUANG DER,HUAI AN CITY,JIANGSU,CHINA,597,555,0.95,0.00
NINGBO BELL GARMENT INDUSTRIAL CO. LTD,FINISHED GOODS,APPAREL,"NIKE, CONVERSE, HURLEY",,"NINGBO BELL GARMENT INDUSTRIAL CO., LTD.",NINGBO,ZHEJIANG,CHINA,102,90,0.67,0.13
NINGBO EASTEX,FINISHED GOODS,APPAREL,"CONVERSE, HURLEY",,NO SUPPLIER GROUP,NINGBO,ZHEJIANG,CHINA,263,189,0.60,0.00
"NINGBO HUAYAO TEXTILE CO.,LTD",FINISHED GOODS,APPAREL,NIKE,,NINGBO,NINGBO,ZHEJIANG,CHINA,2143,1868,0.53,0.00
NINGBO MITSUBANA APPAREL CO. LTD.,FINISHED GOODS,APPAREL,CONVERSE,,NO SUPPLIER GROUP,NINGBO,ZHEJIANG,CHINA,118,102,0.90,0.00
"NINGBO SHENZHOU CO., LTD",MATERIALS,MATERIALS,NIKE,,NINGBO SHENZHOU,NINGBO,ZHEJIANG,CHINA,,,0.00,0.00
"NINGBO SHENZHOU KNITTIN CO.,LTD (QINGJIN FACTORY) SEWING DEPT. 4",FINISHED GOODS,APPAREL,"NIKE, HURLEY",Collegiate,NINGBO,NINGBO,ZHEJIANG,CHINA,1979,1833,0.70,0.00
NINGBO SHENZHOU KNITTING CO. LTD,FINISHED GOODS,APPAREL,"NIKE, CONVERSE",,NINGBO,NINGBO,ZHEJIANG,CHINA,4183,3951,0.75,0.00
NINGBO SHENZHOU KNITTING CO. LTD. -#6 GARMENT FACTORY,FINISHED GOODS,APPAREL,NIKE,Collegiate,NINGBO,NINGBO,ZHEJIANG,CHINA,3265,3080,0.71,0.00
NINGBO SHENZHOU KNITTING CO. LTD. (PRINTING MILL & MC),FINISHED GOODS,APPAREL,NIKE,,NINGBO,NINGBO,ZHEJIANG,CHINA,414,391,0.55,0.06
NITEC EYEWEAR (DALIAN) INC.,FINISHED GOODS,EQUIPMENT,NIKE,,NO SUPPLIER GROUP,DALIAN,LIAONING,CHINA,556,425,0.62,0.92
NK APPAREL CO LTD,FINISHED GOODS,APPAREL,NIKE,,NICE APPAREL,KHON KAEN,NORTHERN,THAILAND,1391,1146,0.70,0.00
NV APPAREL COMPANY LIMITED,FINISHED GOODS,APPAREL,NIKE,,NICE APPAREL,AN GIANG,AN GIANG,VIETNAM,1669,1408,0.79,0.02
OKAMOTO CORPORATION,FINISHED GOODS,EQUIPMENT,NIKE,,OKAMOTO,KITAKATSURAGI-GUN,NARA,JAPAN,74,57,0.65,0.00
"OKAMOTO HOSIERY (ZHANGJIAGANG) CO., LTD",FINISHED GOODS,EQUIPMENT,NIKE,,OKAMOTO,ZHANGJIAGANG,JIANGSU,CHINA,204,152,0.91,0.00
"OKAMOTO TEXTILE (THAILAND) CO.,LTD.",FINISHED GOODS,EQUIPMENT,NIKE,,OKAMOTO,KABINBURI,PRACHINBURI,THAILAND,674,449,0.62,0.00
"OLIVE APPAREL (CAMBODIA) CO., LTD",FINISHED GOODS,APPAREL,NIKE,,TAI WAH,PHNOM PENH,KAMPOT,CAMBODIA,1991,1506,0.85,0.00
"OPTECH CO., LTD.",FINISHED GOODS,APPAREL,NIKE,,OPTECH COMPANY LTD,SAMUTSAKORN,SAMUTSAKORN,THAILAND,102,89,0.77,0.00
"OREGON SCREEN IMPRESSIONS, INC.",FINISHED GOODS,APPAREL,NIKE,Collegiate,OREGON SCREEN IMPRESSIONS,PORTLAND,OREGON,USA,113,79,0.52,0.00
ORIENTAL GARMENT AN GIANG CO LTD,FINISHED GOODS,APPAREL,"NIKE, CONVERSE, HURLEY",,JANTZEN,AN GIANG,AN GIANG,VIETNAM,869,474,0.80,0.00
"ORIENTAL GARMENT CO., LTD – NONGBUADANG",FINISHED GOODS,APPAREL,"NIKE, HURLEY",,NO SUPPLIER GROUP,NONGBUADANG,NORTHEASTERN,THAILAND,314,292,0.82,0.00
OWENS SPORTSWEAR - V-WIN APPAREL CO LTD,FINISHED GOODS,APPAREL,HURLEY,,OWENS SPORTSWEAR CO. LTD.,DONGGUAN,GUANGDONG,CHINA,500,200,0.70,0.00
"PACIFIC ATHLETIC WEAR, INC. DBA KEYSPORTS APPAREL",FINISHED GOODS,APPAREL,NIKE,Collegiate,PACIFIC ATHLETIC WEAR,COSTA MESA,CALIFORNIA,USA,89,76,0.65,0.00
PADDA,FINISHED GOODS,FOOTWEAR,NIKE,,NO SUPPLIER GROUP,LEON,GUANAJUATO,MEXICO,363,231,0.55,0.00
"PARAMOUNT APPAREL INTERNATIONAL, INC.",FINISHED GOODS,APPAREL,NIKE,Collegiate,PARAMOUNT,BOURBON,MISSOURI,USA,560,296,0.59,0.00
"PARAMOUNT APPAREL INT'L, INC. (WINONA MO)",FINISHED GOODS,APPAREL,NIKE,Collegiate,PARAMOUNT,WINONA,MISSOURI,USA,94,91,0.70,0.00
PEGASUS FOOTWEAR CO. LTD.,FINISHED GOODS,FOOTWEAR,"NIKE, HURLEY",,PEGASUS,GUANGZHOU,GUANGDONG,CHINA,1770,1367,0.78,0.89
PETTENATI,FINISHED GOODS,APPAREL,NIKE,,PETTENATI,CAXIAS DO SUL,RIO GRANDE DO SUL,BRAZIL,565,426,0.83,0.02
PETTENATI,MATERIALS,MATERIALS,NIKE,,PETTENATI,CAXIAS DO SUL,RIO GRANDE DO SUL,BRAZIL,,,0.00,0.00
PETTENATI CENTRO AMERICA SA DE CV,MATERIALS,MATERIALS,NIKE,,PETTENATI,COATEPEQUE,SAN SALVADOR,EL SALVADOR,,,0.00,0.00
"PILOTKNIT SPORT WEAR CO.,LTD.",FINISHED GOODS,APPAREL,NIKE,,NO SUPPLIER GROUP,MUANG,SAMUTSAKHON,THAILAND,773,674,0.65,0.77
PINE TREE COMPANY FOR TEXTILE MANUFACTURING PSC,FINISHED GOODS,APPAREL,NIKE,,TAI WAH,AMMAN,JORDAN,JORDAN,1943,1754,0.74,0.78
"PINGHU LIPAI BAGS AND LUGGAGE CO., LTD.",FINISHED GOODS,EQUIPMENT,"NIKE, CONVERSE",,NO SUPPLIER GROUP,PINGHU,ZHEJIANG,CHINA,136,84,0.63,0.00
PINGXIANG CITY GUANGXUAN FOOTWEAR CO. LTD.,FINISHED GOODS - COMPONENTS,FOOTWEAR,NIKE,,SHOETOWN,PINGXIANG,JIANGXI,CHINA,1358,1237,0.92,0.03
PMI JOINEASE PLASTIC & METAL PRODUCTS,FINISHED GOODS,EQUIPMENT,"NIKE, HURLEY",,NO SUPPLIER GROUP,HUI ZHOU,GUANGDONG,CHINA,1040,704,0.46,0.00
PONY LEATHER,MATERIALS,MATERIALS,NIKE,,PONY LEATHER,CHANG HUA,T'AI-WAN,TAIWAN,,,0.00,0.00
POU CHEN CORPORATION,FINISHED GOODS,FOOTWEAR,"NIKE, CONVERSE",Collegiate,POU CHEN,CHANG HWA,TAIWAN,TAIWAN,1877,615,0.64,0.00
POU CHEN VIETNAM ENTERPRISE LTD.,FINISHED GOODS,FOOTWEAR,NIKE,Collegiate,POU CHEN,BIEN HOA CITY,DONG NAI,VIETNAM,17516,14178,0.85,0.00
POVOLO,FINISHED GOODS,APPAREL,NIKE,,POVOLO,GALLARATE,VERESE,ITALY,28,22,0.90,0.09
POWER WIN PLASTIC PRODUCTS (S.Z.) COMPANY LIMITED,FINISHED GOODS,EQUIPMENT,NIKE,,NO SUPPLIER GROUP,SHENZEN,SHENZHEN,CHINA,36,31,0.54,0.00
PRATIBHA SYNTEX LTD. (UNIT VI),FINISHED GOODS,APPAREL,"NIKE, CONVERSE",,PRATIBHA SYNTEX,"PITHAMPUR, DISTRICT DHAR",MADHYA PRADESH,INDIA,1997,1351,0.52,0.00
PREMIER OPTICAL (SHENZHEN) LIMITED COMPNAY,FINISHED GOODS,EQUIPMENT,CONVERSE,,NO SUPPLIER GROUP,SHENZHEN CITY,PRC,CHINA,162,141,0.50,0.00
"PRIMA SEJATI SEJAHTERA, PT",FINISHED GOODS,APPAREL,"CONVERSE, HURLEY",,PT PANCAPRIMA,BOYOLALI,JAWA TENGAH,INDONESIA,2780,2131,0.59,0.00
PRIME ASIA (CHINA),MATERIALS,MATERIALS,"NIKE, CONVERSE",,PRIME ASIA,DONGGUAN,GUANGDONG,CHINA,,,0.00,0.00
PRIME ASIA (VIETNAM),MATERIALS,MATERIALS,NIKE,,PRIME ASIA,TAN THANH,DONG NAI,VIETNAM,,,0.00,0.00
PRO KINGTEX VIETNAM CO,FINISHED GOODS,APPAREL,NIKE,,NO SUPPLIER GROUP,HO CHI MINH CITY,,VIETNAM,,,0.00,0.00
"PROKNIT KNITTING CO., LTD.",MATERIALS,MATERIALS,NIKE,,RAY FABRICS (CHUNRIH RD),TAOYUAN,T'AI-WAN,TAIWAN,,,0.00,0.00
"PROMAX TEXTILE CO., LTD.",MATERIALS,MATERIALS,NIKE,,"PROMAX TEXTILE CO., LTD.",TAINAN,T'AI-WAN,TAIWAN,,,0.00,0.00
"PROMAX TEXTILE CO., LTD. -6TH ROAD",MATERIALS,MATERIALS,NIKE,,"PROMAX TEXTILE CO., LTD.",NHON TRACH DISTRICT,DONG NAI,VIETNAM,,,0.00,0.00
"PROVIDENCE INDUSTRY, DBA (MYDYER.COM)",FINISHED GOODS,APPAREL,HURLEY,,NO SUPPLIER GROUP,LONG BEACH,CALIFORNIA,USA,168,166,0.90,0.00
PT  MAREL SUKSES PRATAMA,FINISHED GOODS,EQUIPMENT,CONVERSE,,NO SUPPLIER GROUP,YOGYAKARTA,DI YOGYAKARTA,INDONESIA,180,153,0.47,0.00
PT ADIS DIMENSION FOOTWEAR,FINISHED GOODS,FOOTWEAR,NIKE,,SHOETOWN,TANGERANG,BANTEN,INDONESIA,8307,7406,0.52,0.00
PT ASIA DWIMITRA INDUSTRI,FINISHED GOODS,FOOTWEAR,NIKE,,SHOETOWN,TANGERANG,BANTEN,INDONESIA,2100,1970,0.46,0.00
PT CHANG SHIN REKSAJAYA,FINISHED GOODS - COMPONENTS,FOOTWEAR,NIKE,,CHANGSHIN,LELES,JAWA BARAT,INDONESIA,6239,5843,0.90,0.00
PT DAYUP INDO,FINISHED GOODS,EQUIPMENT,NIKE,,PT DAYUP INDO,JAKARTA,DKI JAKARTA,INDONESIA,1178,1089,0.93,0.00
PT DONG A DECAL,FINISHED GOODS,APPAREL,NIKE,,HOJEON,JAKARTA,DKI JAKARTA,INDONESIA,536,501,0.47,0.01
PT EAGLE NICE INDONESIA,FINISHED GOODS,APPAREL,NIKE,Collegiate,EAGLE NICE,KABUPATEN SERANG,BANTEN,INDONESIA,2773,2010,0.70,0.01
PT GLOSTAR INDONESIA,FINISHED GOODS,FOOTWEAR,CONVERSE,,POU CHEN,SUKABUMI,WEST JAVA,INDONESIA,6905,5451,0.82,0.01
PT GREENTEX INDONESIA UTAMA,FINISHED GOODS,APPAREL,NIKE,Collegiate,GREEN TEXTILES,JAKARTA UTARA,DKI JAKARTA,INDONESIA,1412,1264,0.90,0.00
PT KAHOINDAH CITRAGARMENT,FINISHED GOODS,APPAREL,NIKE,Collegiate,HOJEON,BEKASI,WEST JAVA,INDONESIA,2600,1478,0.86,0.01
PT KMK GLOBAL SPORTS / K1,FINISHED GOODS,FOOTWEAR,NIKE,,KMK,TANGERANG,BANTEN,INDONESIA,12631,11211,0.76,0.00
PT KUKDONG INTERNATIONAL,FINISHED GOODS,APPAREL,NIKE,Collegiate,KUKDONG,BEKASI,WEST JAVA,INDONESIA,1036,768,0.91,0.00
PT MITRA GARINDO PERKASA,FINISHED GOODS,APPAREL,"NIKE, CONVERSE, HURLEY",,NO SUPPLIER GROUP,BOGOR,WEST JAVA,INDONESIA,538,309,0.90,0.00
PT MORICH INDO FASHION,FINISHED GOODS,APPAREL,NIKE,,MORICH,,KECAMATAN BERGAS,INDONESIA,2307,42,0.84,0.00
PT NIKOMAS GEMILANG,FINISHED GOODS,FOOTWEAR,NIKE,,POU CHEN,SERANG,BANTEN,INDONESIA,20315,16663,0.83,0.00
PT PANTJATUNGGAL KNITTING MILL,FINISHED GOODS,APPAREL,NIKE,,PT PANTJA,SEMARANG,JAWA TENGAH,INDONESIA,1980,1711,0.90,0.00
PT PRATAMA ABADI INDUSTRI,FINISHED GOODS,FOOTWEAR,NIKE,,PRATAMA,TANGERANG SELATAN,BANTEN,INDONESIA,7986,6440,0.78,0.01
PT PRATAMA ABADI INDUSTRI,FINISHED GOODS,FOOTWEAR,NIKE,,PRATAMA,SUKABUMI,WEST JAVA,INDONESIA,19803,18137,0.70,0.00
PT R PRIMA JAYA,FINISHED GOODS,APPAREL,"NIKE, CONVERSE, HURLEY",,NO SUPPLIER GROUP,SEMARANG,CENTRAL JAVA,INDONESIA,672,560,0.88,0.00
PT SEMARANG GARMENT,FINISHED GOODS,APPAREL,NIKE,Collegiate,KUKDONG,SEMARANG,CENTRAL JAVA,INDONESIA,3415,2245,0.95,0.01
PT TRIGOLDENSTAR WISESA,FINISHED GOODS,APPAREL,NIKE,,TRIGOLDENSTAR,KARAWANG,WEST JAVA,INDONESIA,1027,725,0.83,0.00
PT TUNTEX GARMENT INDONESIA-CKP,FINISHED GOODS,APPAREL,"NIKE, HURLEY",,TUNG MUNG,TANGERANG,BANTEN,INDONESIA,1561,1135,0.89,0.00
PT TUNTEX GARMENT INDONESIA-TGR,FINISHED GOODS,APPAREL,"NIKE, HURLEY",,TUNG MUNG,TANGERANG,BANTEN,INDONESIA,1153,589,0.90,0.00
PT VICTORY CHINGLUH INDONESIA,FINISHED GOODS,FOOTWEAR,NIKE,,CHINGLUH,TANGERANG,BANTEN,INDONESIA,15116,13582,0.75,0.00
PT YONGJIN JAVASUKA,FINISHED GOODS,APPAREL,NIKE,Collegiate,HOJEON,SUKABUMI,CENTRAL JAVA,INDONESIA,1750,1009,0.84,0.01
PT YOU YOUNG SU INDONESIA,MATERIALS,MATERIALS,"NIKE, CONVERSE",,YOU YOUNG,TANGERANG,BANTEN,INDONESIA,,,0.00,0.00
PT YOUNGIL LEATHER INDONESIA,MATERIALS,MATERIALS,"NIKE, CONVERSE",,YOUNG IL,TANGERANG,BANTEN,INDONESIA,,,0.00,0.00
PT. ADIS DINAMIKA SENTOSA,FINISHED GOODS - COMPONENTS,FOOTWEAR,NIKE,,SHOETOWN,MAJALENGKA,WEST JAVA,INDONESIA,2671,2053,0.64,0.01
PT. CCH INDONESIA,FINISHED GOODS,APPAREL,NIKE,,CHUAN CHENG,BANDUNG BARAT,"JAWA BARAT, WEST JAVA",INDONESIA,986,910,0.72,0.00
PT. FENG TAY INDONESIA ENTERPRISES,FINISHED GOODS,FOOTWEAR,NIKE,,FENG TAY,BANDUNG,WEST JAVA,INDONESIA,12617,10531,0.65,0.00
PT. GRAND BEST INDONESIA,FINISHED GOODS,APPAREL,NIKE,,TUNG MUNG,SEMARANG,JAWA TENGAH,INDONESIA,2307,2070,0.93,0.00
PT. KANINDO MAKMUR JAYA,FINISHED GOODS,EQUIPMENT,"NIKE, CONVERSE, HURLEY",Collegiate,KANAAN,"JEPARA, CENTRAL JAVA",CENTRAL JAVA,INDONESIA,5368,5084,0.78,0.00
PT. POU YUEN INDONESIA,FINISHED GOODS,FOOTWEAR,"NIKE, CONVERSE",,POU CHEN,CIANJUR,JAWA BARAT,INDONESIA,7757,6281,0.62,0.00
PT. SEO HEUNG INDONESIA,FINISHED GOODS,FOOTWEAR,NIKE,,CHANGSHIN,KARAWANG,JAWA BARAT,INDONESIA,1899,1667,0.74,0.00
PT. TK INDUSTRIAL INDONESIA,FINISHED GOODS,FOOTWEAR,NIKE,,TAEKWANG,"BELENDUNG, CIBOGO",WEST JAVA,INDONESIA,16795,14508,0.94,0.00
PT. YC TEC INDONESIA,FINISHED GOODS,FOOTWEAR,NIKE,,NO SUPPLIER GROUP,CIBATU KABUPATEN PURWAKARTA,JAWA BARAT,INDONESIA,455,444,0.60,0.02
"QING XIN GUANG JIAN SHOETOWN FOOTWEAR CO., LTD",FINISHED GOODS,FOOTWEAR,NIKE,Collegiate,SHOETOWN,QINGYUAN CITY,GUANGDONG,CHINA,1092,1009,0.88,0.07
"QING YUAN CITY SHOETOWN FOOTWEAR CO.,LTD",FINISHED GOODS,FOOTWEAR,NIKE,Collegiate,SHOETOWN,QINGYUAN CITY,GUANGDONG,CHINA,11821,8551,0.80,0.41
QINGDAO CHANGSHIN JIMO FACTORY,FINISHED GOODS - COMPONENTS,FOOTWEAR,NIKE,,CHANGSHIN,"JIMO, QINGDAO",SHANDONG,CHINA,571,468,0.44,0.00
"QINGDAO CHANGSHIN SHOES CO., LTD.",FINISHED GOODS,FOOTWEAR,NIKE,,CHANGSHIN,QINGDAO,SHANDONG,CHINA,4603,3895,0.87,0.01
"QINGDAO TAEHWA SHOES CO., LTD",FINISHED GOODS - COMPONENTS,FOOTWEAR,NIKE,,TAEKWANG,LAIXI CITY,SHANDONG,CHINA,708,677,0.89,0.00
"QINGDAO TAEJIN SHOES CO., LTD",FINISHED GOODS - COMPONENTS,FOOTWEAR,NIKE,,TAEKWANG,JIMO CITY,SHANDONG,CHINA,516,483,0.97,0.00
"QINGDAO TAEKWANG SHOES CO., LTD",FINISHED GOODS,FOOTWEAR,NIKE,,TAEKWANG,QINGDAO,SHANDONG,CHINA,4260,3751,0.81,0.00
"QINGDAO YANTAI NE APPAREL CO.,LTD",FINISHED GOODS,APPAREL,"NIKE, CONVERSE",,NICE APPAREL,YANTAI,SHANDONG,CHINA,929,775,0.88,0.00
"QINGDAO YOUNGONE SPORTSWEAR CO.,LD",FINISHED GOODS,APPAREL,"NIKE, CONVERSE",,YOUNGONE,QINGDAO,SHANDONG,CHINA,2106,1581,0.89,0.00
QUANG VIET (TIEN GIANG) CO LTD,FINISHED GOODS,APPAREL,NIKE,,QUANG VIET,TIEN GIANG,TIEN GIANG,VIETNAM,6105,5594,0.90,0.00
"QUANG VIET ENTERPRISE CO., LTD",FINISHED GOODS,APPAREL,"NIKE, CONVERSE, HURLEY",,QUANG VIET,HO CHI MINH,HO CHI MINH,VIETNAM,6342,5920,0.94,0.00
QUANZHOU  FENGZE YISHENG LEATHER CO,FINISHED GOODS,EQUIPMENT,CONVERSE,,NO SUPPLIER GROUP,QUANZHOU,FUJIAN,CHINA,50,40,0.50,0.00
QUANZHOU UNISON LIGHT INDUSTRIAL MANUFACTURING,FINISHED GOODS,EQUIPMENT,CONVERSE,,NO SUPPLIER GROUP,QUANZHOU,FUJIAN,CHINA,57,44,0.54,0.00
R. A. INTERTRADING S. A.,FINISHED GOODS,APPAREL,"NIKE, HURLEY",,RA INTERTRADING,CAPITAL FEDERAL,BUENOS AIRES,ARGENTINA,819,735,0.42,0.62
"RAJA UCHINO CO.,LTD.",FINISHED GOODS,EQUIPMENT,NIKE,,NO SUPPLIER GROUP,SRIRACHA,CHONBURI,THAILAND,290,250,0.65,0.19
RAMATEX APPAREL (SUZHOU) LTD.,FINISHED GOODS,APPAREL,NIKE,,TAI WAH,SUZHOU,JIANGSU,CHINA,665,619,0.93,0.86
RAMATEX INDUSTRIA LTD.,MATERIALS,MATERIALS,NIKE,,RAMATEX,JIANG SU,JIANGSU,CHINA,,,0.00,0.00
RAMATEX INDUSTRIAL (SUZHOU( LTD,FINISHED GOODS,APPAREL,NIKE,,TAI WAH,SUZHOU,JIANGSU,CHINA,697,635,0.90,0.93
RAMATEX TEXTILES INDUSTRIAL SDN. BHD.,MATERIALS,MATERIALS,NIKE,,RAMATEX, JOHOR,,MALAYSIA,,,0.00,0.00
"RATSIMA CO., LTD. (BRANCH 3)",FINISHED GOODS,APPAREL,"NIKE, CONVERSE, HURLEY",,NO SUPPLIER GROUP,NAKHON RATCHASIMA,NORTHEASTERN,THAILAND,80,77,0.78,0.00
RAY FABRICS,MATERIALS,MATERIALS,NIKE,,RAY FABRICS (CHUNRIH RD),TAOYUAN,T'AI-WAN,TAIWAN,,,0.00,0.00
REGINA MIRACLE INTIMATE APPAREL (SHENZHEN) LIMITED,FINISHED GOODS,APPAREL,NIKE,,REGINA MIRACLE,SHENZHEN,GUANGDONG,CHINA,1229,987,0.60,0.00
RIETVELD SERIGRAFIE BV,FINISHED GOODS,APPAREL,NIKE,,RIETVELD SERIGRAFIE,,,NETHERLANDS,32,22,0.55,0.18
RIPON ATHLETIC,FINISHED GOODS,APPAREL,NIKE,,RIPON,BERLIN,WISCONSIN,USA,155,131,0.86,0.00
RJ LIEBE ATHLETIC LETTERING,FINISHED GOODS - COMPONENTS,APPAREL,NIKE,,RJ LIEBE ATHLETIC LETTERING CO.,PERRY,NEW YORK,USA,47,40,0.85,0.00
RJ LIEBE ATHLETIC LETTERING CO.,FINISHED GOODS - COMPONENTS,APPAREL,NIKE,Collegiate,RJ LIEBE ATHLETIC LETTERING CO.,CHESTERFIELD,MISSOURI,USA,47,31,0.66,0.00
"ROBINSON MANUFACTURING COMPANY, DAYTON",FINISHED GOODS,APPAREL,NIKE,Collegiate,ROBINSON,DAYTON,TENNESSEE,USA,95,87,0.42,0.00
"ROCKMAUI WEAR CO., LTD (***FOR DRAGONCROWD)",FINISHED GOODS,APPAREL,HURLEY,,NO SUPPLIER GROUP,NINGBO,ZHEJIANG,CHINA,248,190,0.52,0.00
RS/TUPÃ IND.  DE PLASTICO LTDA,FINISHED GOODS - COMPONENTS,FOOTWEAR,NIKE,,NO SUPPLIER GROUP,NOVO HAMBURGO,RIO GRANDE DO SUL,BRAZIL,168,124,0.44,0.00
S & R LOGISTICA DEL PACIFICO S. DE R.L. DE C V.,FINISHED GOODS,APPAREL,HURLEY,,NO SUPPLIER GROUP,ENSENADA,BC,MEXICO,165,159,0.60,0.00
S.E.C. (DONGGUAN) ACCESSORIES LIMITED,FINISHED GOODS - COMPONENTS,APPAREL,NIKE,Collegiate,SEC ACCESSORIES,DONGGUAN CITY,"GUANGDONG PROVINCE, CHINA",CHINA,51,35,0.51,0.00
SABRINA (CAMBODIA) GARMENT MANUFACTURING,FINISHED GOODS,APPAREL,"NIKE, HURLEY",Collegiate,SABRINA,SAMRONG TORNG DISTRICT,KAMPONG SPEU PROVINCE,CAMBODIA,5971,4205,0.93,0.05
SADESA (AYUTTHAYA),MATERIALS,MATERIALS,NIKE,,SADESA,AYUTTHAYA,CENTRAL,THAILAND,,,0.00,0.00
SADESA (CHONBURI),MATERIALS,MATERIALS,NIKE,,SADESA,CHONBURI,CENTRAL,THAILAND,,,0.00,0.00
"SAIGON DARYAR PLASTIC CO.,LTD",FINISHED GOODS,EQUIPMENT,NIKE,,WELLPOWER,THUAN AN,BINH DUONG PROVINCE,VIETNAM,193,130,0.90,0.00
SAIGON GOLDEN PRENE ENTERPRISE COMPANY LIMITED,FINISHED GOODS,EQUIPMENT,NIKE,,GUANG DER,BINH DUONG,BINH DUONG,VIETNAM,842,594,0.77,0.00
SAN CARLOS TRADING S.A.,FINISHED GOODS,APPAREL,CONVERSE,,NO SUPPLIER GROUP,AVELLANEDA,BUENOS AIRES,ARGENTINA,11,7,0.45,0.43
SAN FANG (INDONESIA),MATERIALS,MATERIALS,"NIKE, CONVERSE",,SAN FANG,TANGERANG,SERANG,INDONESIA,,,0.00,0.00
SAN FANG (TAIWAN),MATERIALS,MATERIALS,NIKE,,SAN FANG,KAOHSIUNG,,TAIWAN,,,0.00,0.00
SAN FANG (VIETNAM),MATERIALS,MATERIALS,NIKE,,SAN FANG,TAN THANH,THANH PHO HO CHI MINH,VIETNAM,,,0.00,0.00
SAN FANG CHINA,MATERIALS,MATERIALS,NIKE,,SAN FANG,DONGGUAN,GUANGDONG,CHINA,,,0.00,0.00
"SANKO CO., LTD.",FINISHED GOODS,APPAREL,HURLEY,,NO SUPPLIER GROUP,CHOSEIGUN,CHIBA,JAPAN,36,32,0.72,0.00
SAO KHUE,FINISHED GOODS - COMPONENTS,FOOTWEAR,NIKE,,TAEKWANG,BIEN HOA CITY,DONG NAI PROVINCE,VIETNAM,1408,1353,0.90,0.00
SARNO DISPLAY S.R.L.,FINISHED GOODS,EQUIPMENT,NIKE,,NO SUPPLIER GROUP,CARNATE,LOMBARDIA,ITALY,103,63,0.56,0.05
"SATO KNIT CO., LTD",FINISHED GOODS,APPAREL,NIKE,,NI TEIJINSHOJI CO LTD,AMAKUSA-CITY,KUMAMOTO,JAPAN,43,37,0.88,0.16
SEDAMIL S.A. C.I.,FINISHED GOODS,APPAREL,NIKE,,TESSICOT,BUENOS AIRES,BUENOS AIRES,ARGENTINA,398,195,0.46,0.80
SELF MAGLIERIA SNC DI FLORIANI LAURA & C.,FINISHED GOODS,APPAREL,NIKE,,SELF MAGLIERIA,VERTEMATE CON MINOPRIO (COMO),,ITALY,25,22,0.92,0.00
SERIGRAFIA DEL SUR SCOOP,FINISHED GOODS,APPAREL,NIKE,,IRUNA SERIGRAFIA S.L.,CHAUCHINA-GRANADA,ANDALUCIA,SPAIN,14,10,0.57,0.00
SETTLEMEIER'S JACKET & LOGOS,FINISHED GOODS,APPAREL,NIKE,,SETTLEMEIERS,PORTLAND,OREGON,USA,13,12,0.65,0.00
SEWING JONAH,FINISHED GOODS,APPAREL,NIKE,,SEWING JONAH,KUMAMOTO -CITY,KUMAMOTO,JAPAN,40,37,0.84,0.22
SFO APPAREL INC. (SEWING & CUTTING),FINISHED GOODS,APPAREL,NIKE,Collegiate,SFO APPAREL,BRISBANE,CALIFORNIA,USA,67,50,0.90,0.00
SHADELINE (PVT) LTD,FINISHED GOODS,APPAREL,"NIKE, HURLEY",Collegiate,MAS HOLDINGS,MAHIYANGANAYA,UVA,SRI LANKA,1651,1297,0.75,0.00
SHANGGAO YISEN INDUSTRY CO. LTD.,FINISHED GOODS,FOOTWEAR,NIKE,Collegiate,POU CHEN,YICHUN,JIANGXI,CHINA,9690,7751,0.87,0.04
SHANGHAI YILIU GARMENT FACTORY,FINISHED GOODS,APPAREL,HURLEY,,NO SUPPLIER GROUP,SHANGHAI,SHANGHAI,CHINA,32,27,0.72,0.00
SHAO YANG COUNTY STEIIA FOOTWEAR LTD,FINISHED GOODS,FOOTWEAR,NIKE,,STELLA,SHAOYANG,HUNAN,CHINA,627,599,0.94,0.05
SHAOYANG LIANTAI (SQ) HANSHOU UPPER FACILITY,FINISHED GOODS - COMPONENTS,FOOTWEAR,NIKE,,STELLA,CHANDE CITY,HUNAN,CHINA,1029,944,0.96,0.00
SHAOYANG STELLA FOOTWEAR COMPANY LIMITED,FINISHED GOODS,FOOTWEAR,"NIKE, CONVERSE",,STELLA,SHAOYANG CITY,HUNAN,CHINA,5552,4613,0.86,0.00
"SHEICO (THAILAND) CO., LTD.",FINISHED GOODS,APPAREL,HURLEY,,NO SUPPLIER GROUP,RAYONG,PLUAK DANG,THAILAND,2852,2188,0.75,0.26
"SHEN ZHOU (CAMBODIA) CO., LTD",FINISHED GOODS,APPAREL,NIKE,,NINGBO,PHNOM PENH,,CAMBODIA,2265,2072,0.92,0.98
"SHENZHEN PENGYIFA INDUSTRIAL CO, LTD",FINISHED GOODS,APPAREL,NIKE,,JANTZEN,SHENZHEN GUANGMING DISTRICT,GUANGDONG,CHINA,42,29,0.35,0.00
SHENZHEN YI JIN OPTICAL CO. LTD,FINISHED GOODS,EQUIPMENT,CONVERSE,,NO SUPPLIER GROUP,"HENGXIKENG, LONGGANG DISTRICT, SHENZHEN CITY",GUANGDONG,CHINA,60,47,0.38,0.00
SHINTA WOOSUNG,MATERIALS,MATERIALS,NIKE,,SHINTA WOOSUNG,SERANG,BANTEN,INDONESIA,,,0.00,0.00
SHIXING TIAN HE GARMENTS CO. LTD.,FINISHED GOODS,APPAREL,"NIKE, CONVERSE, HURLEY",,NO SUPPLIER GROUP,SHAO GUANG,GUANGDONG,CHINA,155,122,0.78,0.00
"SHOETOWN HUNAN FOOTWEAR CO.,LTD",FINISHED GOODS,FOOTWEAR,NIKE,,SHOETOWN,YONGZHOU CITY,HUNAN,CHINA,3678,3144,0.83,0.14
SILVER STAR - GLOTIAN,FINISHED GOODS,EQUIPMENT,NIKE,,SILVERSTAR,DASKA,PUNJAB,PAKISTAN,161,148,0.00,0.00
SILVER STAR ENTERPRISES PRIVATE LIMITED,FINISHED GOODS,EQUIPMENT,NIKE,,SILVERSTAR,SIALKOT,PANJAB,PAKISTAN,2129,1783,0.01,0.00
SIPESA S.A.,FINISHED GOODS,APPAREL,NIKE,,SIPESA,SANT BOI DE LLOBREGAT,BARCELONA,SPAIN,14,5,0.50,0.00
SLANE HOSIERY MILLS - CENTENNIAL FACILITY,FINISHED GOODS,EQUIPMENT,NIKE,,SLANE,HIGH POINT,NORTH CAROLINA,USA,352,263,0.58,0.00
SLANE HOSIERY MILLS - FAIRFIELD FACILITY,FINISHED GOODS,EQUIPMENT,NIKE,,SLANE,HIGH POINT,NORTH CAROLINA,USA,249,182,0.57,0.00
SON KHA SCREEN PRINTING CO. LTD,FINISHED GOODS,APPAREL,NIKE,,SOUTH ISLAND,HO CHI MINH CITY,,VIETNAM,157,124,0.54,1.00
SONG HONG GARMENT FACTORY,FINISHED GOODS,APPAREL,"NIKE, CONVERSE, HURLEY",,NO SUPPLIER GROUP,HAI HAU,NAM DINH,VIETNAM,2000,1950,0.85,0.00
SONG HONG GARMENT JSC - FACTORY 15.16.17.18,FINISHED GOODS,APPAREL,"NIKE, CONVERSE, HURLEY",,NO SUPPLIER GROUP,HOBOKEN,NAM DINH,VIETNAM,1984,1280,0.85,0.00
SONG LIN GARMENT SDN BHD,FINISHED GOODS,APPAREL,NIKE,,TAI WAH,BATU PAHAT,JOHOR,MALAYSIA,717,638,0.39,0.95
SONGSEN GARMENT SUZHOU LTD,FINISHED GOODS,APPAREL,NIKE,,TAI WAH,SUZHOU,JIANGSU,CHINA,309,285,0.88,0.98
SOUTH ISLAND GARMENT SDN. BHD.,FINISHED GOODS,APPAREL,NIKE,,SOUTH ISLAND,PRAI,PENANG,MALAYSIA,507,218,0.59,0.69
"SOUTHERN APPAREL CONTRACTORS, S.A.",FINISHED GOODS,APPAREL,NIKE,Collegiate,NEW HOLLAND,CARRETERA A SAN PEDRO SULA,CORTÉS,HONDURAS,3938,1530,0.60,0.01
SPENTA INTERNATIONAL LIMITE,FINISHED GOODS,EQUIPMENT,"NIKE, CONVERSE",,SPENTA,PALGHAR,MAHARASTRA,INDIA,145,52,0.36,0.00
SPORTEK,FINISHED GOODS,FOOTWEAR,"NIKE, CONVERSE",,SPORTEX,KOTOR VAROS,BANJA LUKA,BOSNIA,1886,1691,0.70,0.00
SPRING PRINTING CO LTD,FINISHED GOODS,APPAREL,NIKE,,QUANG VIET,HO CHI MINH CITY,,VIETNAM,147,133,0.67,0.00
SSIPL RETAIL LTD,FINISHED GOODS,FOOTWEAR,"NIKE, CONVERSE",,SSIPL,SONEPAT,HARYANA,INDIA,2634,2340,0.39,0.00
"SSIPL RETAIL LTD, UNIT-III",FINISHED GOODS,FOOTWEAR,NIKE,,SSIPL,BHAGANI,HIMACHAL PRADESH,INDIA,506,463,0.32,0.00
STANWELL-EXPAN CO. LTD,FINISHED GOODS - COMPONENTS,APPAREL,NIKE,Collegiate,STANWELL-EXPAN CO. LTD,TAOYUAN,T'AI-WAN,TAIWAN,627,477,0.38,0.16
STAPLES PROMOTIONAL PRODUCTS,FINISHED GOODS,APPAREL,NIKE,Collegiate,NO SUPPLIER GROUP,ORANGE CITY,IOWA,USA,531,293,0.76,0.00
STAPLES PROMOTIONAL PRODUCTS,FINISHED GOODS,APPAREL,NIKE,Collegiate,NO SUPPLIER GROUP,MARCUS,IOWA,USA,79,67,0.87,0.00
STERLING APPAREL MANUFACTURING L.L.C,FINISHED GOODS,APPAREL,NIKE,,MAS HOLDINGS,MADABA,JORDAN,JORDAN,398,281,0.92,0.00
STERLING APPAREL MANUFACTURING L.L.C. (SAHAB),FINISHED GOODS,APPAREL,NIKE,,MAS HOLDINGS,SAHAB,JORDAN,JORDAN,1442,963,0.67,0.99
STYLDEA SRL,FINISHED GOODS,FOOTWEAR,CONVERSE,,NO SUPPLIER GROUP,CASELLE DI ALTIVOLE,TREVISO,ITALY,18,14,0.75,0.00
STYLE MANUFACTURERS,FINISHED GOODS,APPAREL,NIKE,,STYLE MANUFACTURERS,LEON,GUANAJUATO,MEXICO,226,196,0.48,0.00
STYLE TEXTILE (PVT) LTD.,FINISHED GOODS - COMPONENTS,APPAREL,"NIKE, HURLEY",,STYLE TEXTILE,LAHORE,PUNJAB,PAKISTAN,3557,2565,0.14,0.00
STYLE TEXTILE (PVT.) LTD. UNIT NO. 2,FINISHED GOODS,APPAREL,NIKE,,STYLE TEXTILE,LAHORE,PUNJAB,PAKISTAN,385,330,0.02,0.00
STYLE TEXTILE IV,FINISHED GOODS,APPAREL,"NIKE, HURLEY",,STYLE TEXTILE,LAHORE,PUNJAB,PAKISTAN,2844,2434,0.12,0.00
"SUNNY JET HOSIERY CO., LIMITED",FINISHED GOODS,APPAREL,"NIKE, CONVERSE, HURLEY",,NO SUPPLIER GROUP,YANGZHOU,JIANGSU,CHINA,283,224,0.79,0.00
SUOLA SA,FINISHED GOODS,FOOTWEAR,NIKE,,SUOLA,BUENOS AIRES,BUENOS AIRES,ARGENTINA,292,259,0.10,0.04
SUPERTEX EL SALVADOR S.A. DE C.V.,FINISHED GOODS,APPAREL,NIKE,,SUPERTEX,CHALCHUAPA,SANTA ANA,EL SALVADOR,1839,1192,0.58,0.01
SUSSEX IM,FINISHED GOODS,EQUIPMENT,NIKE,,NO SUPPLIER GROUP,SUSSEX,WISCONSIN,USA,270,215,0.28,0.00
"SUZHOU ARISE EMBROIDERY CO., LTD",FINISHED GOODS,APPAREL,NIKE,,FAR EASTERN,SUZHOU,JIANGSU,CHINA,30,19,0.90,0.00
"SUZHOU CHOICE CHUAN COMPUTER PRINTING CO., LTD",FINISHED GOODS,APPAREL,NIKE,,FAR EASTERN,SUZHOU,JIANGSU,CHINA,51,35,0.44,0.00
SUZHOU TAIWAY APPAREL PTE LTD,FINISHED GOODS,APPAREL,NIKE,,TAI WAH,"MUDU TOWN, WUZHONG SECTION",JIANGSU,CHINA,538,422,0.92,0.97
"TABATA  CO., LTD.",FINISHED GOODS,EQUIPMENT,NIKE,,NO SUPPLIER GROUP,NAKA-GUN,IBARAKI-PREF,JAPAN,130,40,0.60,0.00
TAE KWANG CAN THO LIMITED LIABILITY COMPANY,FINISHED GOODS,FOOTWEAR,NIKE,,TAEKWANG,CAI RANG,CAN THO,VIETNAM,2717,2509,0.75,0.00
TAE KWANG VINA,FINISHED GOODS,FOOTWEAR,NIKE,Collegiate,TAEKWANG,BIEN HOA,DONG NAI,VIETNAM,17857,15631,0.79,0.00
TAE KWANG VINA (SATELLITE),FINISHED GOODS - COMPONENTS,FOOTWEAR,NIKE,,TAEKWANG,MY THO,TIEN GIANG,VIETNAM,5350,5091,0.95,0.00
TAE KWANG VINA JOINT STOCK COMPANY'S BRANCH,FINISHED GOODS - COMPONENTS,FOOTWEAR,NIKE,,TAEKWANG,BIEN HOA,DONG NAI,VIETNAM,10731,10109,0.80,0.00
"TAEKWANG INDUSTRY CO., LTD.",FINISHED GOODS,FOOTWEAR,NIKE,Collegiate,TAEKWANG,GIMHAE,GYUNGNAM,SOUTH KOREA,770,262,0.35,0.02
"TAGTIME VIET TIEN CO., LTD",FINISHED GOODS - COMPONENTS,APPAREL,NIKE,Collegiate,TAG TIME,BINH DUONG,BINH DUONG,VIETNAM,100,70,0.30,0.31
TAI WAH GARMENTS INDUSTRY SDN BHD (KULAI JAYA),FINISHED GOODS,APPAREL,NIKE,Collegiate,TAI WAH,JOHOR DARUL TAKZIM,JOHOR,MALAYSIA,1517,1394,0.30,0.96
TAI WAH GARMENTS INDUSTRY SDN. BHD (SEGAMAT),FINISHED GOODS,APPAREL,NIKE,Collegiate,TAI WAH,SEGAMAT,JOHOR,MALAYSIA,866,829,0.53,0.64
TAI WAH GARMENTS INDUSTRY SDN. BHD.- KL1,FINISHED GOODS,APPAREL,NIKE,,TAI WAH,KLUANG,JOHOR,MALAYSIA,798,780,0.23,0.75
"TAICHUNG SHUIHING LABEL WEAVING CO., LTD.",FINISHED GOODS - COMPONENTS,APPAREL,NIKE,,AVERY DENNISON,TAICHUNG,T'AI-WAN,TAIWAN,86,70,0.80,0.21
TAITAT PUTRA REJEKI,FINISHED GOODS,EQUIPMENT,CONVERSE,,NO SUPPLIER GROUP,BOGOR,WEST JAVA,INDONESIA,82,68,0.65,0.00
"TAT CHEN FIBER CO., LTD.",MATERIALS,MATERIALS,NIKE,,JOY TEXTILE,TAOYUAN,T'AI-WAN,TAIWAN,,,0.00,0.00
TEAM EDITION APPAREL,FINISHED GOODS,APPAREL,NIKE,,TEAM EDITION APPAREL,BRADENTON,FLORIDA,USA,259,224,0.66,0.00
TEAM EFFORT INCORPORATED,FINISHED GOODS,EQUIPMENT,NIKE,Collegiate,TEAM EFFORT,CLARION,IOWA,USA,29,11,0.76,0.00
TECNOSPORT LATINOAMERICANA S.A.,FINISHED GOODS,FOOTWEAR,NIKE,,ANIGER,LUJAN,BUENOS AIRES,ARGENTINA,199,150,0.25,0.04
TEXLAN CENTER (PRIVATE) LIMITED,FINISHED GOODS,EQUIPMENT,NIKE,,NO SUPPLIER GROUP,MINUWANGODA,SRI LANKA,SRI LANKA,665,501,0.47,0.00
TEXTEL SPORT TECH S.A.,FINISHED GOODS,APPAREL,NIKE,,SPORT TECH,SAN MARTIN,BUENOS AIRES,ARGENTINA,145,124,0.55,0.45
TÊXTIL H.J.HERING LTDA,FINISHED GOODS,APPAREL,NIKE,,TEXTIL H.J. HERING,INDAIAL,SANTA CATARINA,BRAZIL,308,291,0.76,0.01
TEXTIL ROCLAN S.A.,FINISHED GOODS,EQUIPMENT,NIKE,,TEXTIL ROCLAN,CAPITAL FEDERAL,BUENOS AIRES,ARGENTINA,185,160,0.54,0.11
TEXTIL SPORT TECH S.A.,FINISHED GOODS,APPAREL,NIKE,,SPORT TECH,LUJAN,BUENOS AIRES,ARGENTINA,75,69,0.72,0.26
TEXTILES INTERNATIONAL OF EGYPT LTD.,FINISHED GOODS,APPAREL,NIKE,,TIE TEXTILES,CAIRO,CAIRO,EGYPT,1224,660,0.56,0.00
"TEXTILES LA PAZ, L.L.C.",FINISHED GOODS,APPAREL,"NIKE, HURLEY",,FUN TEES,EL ROSARIO LA PAZ,DEPTO DE LA PAZ,EL SALVADOR,2246,1650,0.52,0.00
"TEXTURERIAS, S.A. DE C.V.",FINISHED GOODS,APPAREL,NIKE,,TEXTURERIAS,SANTIAGO TIANGUISTENCO,ESTADO  DE MEXICO,MEXICO,377,273,0.62,0.00
"THAI SOCK CO., LTD.",FINISHED GOODS,EQUIPMENT,"NIKE, CONVERSE",,THAI SOCKS,PRAPRADAENG,SAMUTPRAKARN,THAILAND,833,632,0.72,0.02
"THE HADDAD APPAREL WUXI, CO., LTD",FINISHED GOODS,APPAREL,"NIKE, CONVERSE, HURLEY",,NO SUPPLIER GROUP,WUXI,JIANGSU,CHINA,68,55,0.75,0.00
"THERMOS (HUAI AN) HOUSEWARES CO.,LTD",FINISHED GOODS,EQUIPMENT,NIKE,,NO SUPPLIER GROUP,HUAIAN,JIANGSU,CHINA,67,38,0.75,0.00
THOMAS E GOERGEN ATELIER DE CALÇADOS LTDA ME,FINISHED GOODS - COMPONENTS,FOOTWEAR,NIKE,,DASS,SANTA CLARA DO SUL,RIO GRANDE DO SUL,BRAZIL,66,62,0.99,0.00
"THUAN PHUONG EMBROIDERIES & GARMENTS CO., LTD - BINH CHANH FACTORY",FINISHED GOODS,APPAREL,"NIKE, CONVERSE, HURLEY",,NO SUPPLIER GROUP,BINH CHANH DISTRICT,THANH PHO HO CHI MINH,VIETNAM,1435,1117,0.83,0.00
"THUAN PHUONG EMBROIDERIES GARMENTS CO., LTD.",FINISHED GOODS,APPAREL,"NIKE, CONVERSE, HURLEY",,NO SUPPLIER GROUP,HO CHI MINH CITY,THANH PHO HO CHI MINH,VIETNAM,1377,971,0.72,0.00
"TIONG  LIONG INDUSTRIAL CO., LTD.",MATERIALS,MATERIALS,NIKE,,TLC,TAICHUNG CITY,,TAIWAN,,,0.00,0.00
TIONG LIONG (CHINA),MATERIALS,MATERIALS,NIKE,,TLC,FUQING CITY,FUJIAN,CHINA,,,0.00,0.00
TIONG LIONG (TAIWAN),MATERIALS,MATERIALS,NIKE,,TLC,TAICHUNG,T'AI-WAN,TAIWAN,,,0.00,0.00
TIONG LIONG (TAIWAN) (ZHANGSHUI RD),MATERIALS,MATERIALS,NIKE,,TLC,PITOU,T'AI-WAN,TAIWAN,,,0.00,0.00
TIONG LIONG (VIETNAM),MATERIALS,MATERIALS,NIKE,,TLC,THUAN AN,BINH DUONG PROVINCE,VIETNAM,,,0.00,0.00
"TIONG LIONG INDUSTRIAL CO., LTD. (TAIWAN) (DOUYUAN RD.)",MATERIALS,MATERIALS,NIKE,,TLC,PITOU,T'AI-WAN,TAIWAN,,,0.00,0.00
TMI VIETNAM CO LTD (MDC),FINISHED GOODS,APPAREL,NIKE,Collegiate,TUNG MUNG,HO CHI MINH CITY,THANH PHO HO CHI MINH,VIETNAM,2075,898,0.70,0.00
TMI ZHONGSHAN CO LTD,FINISHED GOODS,APPAREL,NIKE,Collegiate,TUNG MUNG,ZHONG SHAN,GUANGDONG,CHINA,560,501,0.68,0.00
TNG INVESTMENT AND TRADING JSC - DAI TU,FINISHED GOODS,APPAREL,"NIKE, CONVERSE, HURLEY",,NO SUPPLIER GROUP,THAI NGUYEN,THAI NGUYEN,VIETNAM,1580,1257,0.80,0.00
TOCCALINO CARLOS JAVIER Y TOCCALINO DANIEL ANTONIO S.H.,FINISHED GOODS,APPAREL,CONVERSE,,NO SUPPLIER GROUP,LUJAN,BUENOS AIRES,ARGENTINA,28,26,0.61,0.00
TONG HONG CHINA,MATERIALS,MATERIALS,NIKE,,TONG HONG,BEIHAI,GUANGXI,CHINA,,,0.00,0.00
TONG HONG VIETNAM,MATERIALS,MATERIALS,NIKE,,TONG HONG,TAN THANH,BINH DUONG,VIETNAM,,,0.00,0.00
TOP SUMMIT GARMENT INC.,FINISHED GOODS,APPAREL,NIKE,,SABRINA,KANDAL,,CAMBODIA,3987,3423,0.09,0.03
TORAY SAKAI CO. LTD.,MATERIALS,MATERIALS,NIKE,,TORAY SAKAI CO. LTD.,JIANG SU,JIANGSU,CHINA,,,0.00,0.00
TOUNG LOONG TEXTILE MFG. CO. LTD.,MATERIALS,MATERIALS,NIKE,,RAY FABRICS (CHUNRIH RD),TAOYUAN,T'AI-WAN,TAIWAN,,,0.00,0.00
"TOYAMA SPORTS GOODS CO., LTD.",FINISHED GOODS,EQUIPMENT,NIKE,,TOYAMA SPORTS,NANTO,TOYAMA,JAPAN,4,,0.25,0.00
"TRAX INTERTRADE CO., LTD",FINISHED GOODS,APPAREL,"NIKE, HURLEY",,NO SUPPLIER GROUP,ROI-ET,NORTHEASTERN,THAILAND,1863,1600,0.70,0.00
TTG CO. LTD.,FINISHED GOODS,APPAREL,NIKE,,SOUTH ISLAND,TIEN GIANG,,VIETNAM,57,36,0.33,0.00
TUKES PRINTING,FINISHED GOODS,APPAREL,NIKE,,NO SUPPLIER GROUP,TREMONT,PENNSYLVANIA,USA,51,43,0.73,0.00
"TUNG HSIN ENTERPRISES CO., LTD.",MATERIALS,MATERIALS,NIKE,,"ECLAT TEXTILE CO., LTD.",TAOYUAN,T'AI-PEI,TAIWAN,,,0.00,0.00
TUNG MUNG TEXTILE CO(VN)PTE.LTD,FINISHED GOODS,APPAREL,NIKE,,TUNG MUNG,HO CHI MINH,BINH DUONG,VIETNAM,866,522,0.89,0.00
"U.S. EMBROIDERY, LLC",FINISHED GOODS,APPAREL,NIKE,Collegiate,US EMBROIDERY,WILSONVILLE,OREGON,USA,16,12,0.88,0.00
UNIPAX CO. LTD (MDC),FINISHED GOODS,APPAREL,NIKE,,DADA,BIEN HOA,DONG NAI,VIETNAM,121,95,0.96,0.00
"UNIPAX CO., LTD",FINISHED GOODS,APPAREL,"NIKE, CONVERSE, HURLEY",Collegiate,DADA,BIEN HOA CITY,DONG NAI,VIETNAM,1668,1388,0.96,0.00
UNITED CREATION OPTICAL,FINISHED GOODS,EQUIPMENT,"NIKE, CONVERSE",,NO SUPPLIER GROUP,DONGGUAN,GUANGDONG,CHINA,198,180,0.50,0.00
"UNITED SWEETHEARTS GARMENT (VIETNAM) CO., LTD.",FINISHED GOODS,APPAREL,"NIKE, CONVERSE, HURLEY",,UNITED SWEETHEART,DONG NAI,DONG NAI,VIETNAM,2383,2076,0.88,0.85
UNITED SWEETHEARTS GARMENT SDN BHD,FINISHED GOODS,APPAREL,NIKE,,UNITED SWEETHEART,SUNGAI  BAKAP,PENANG,MALAYSIA,969,776,0.22,0.84
"UNIVERSAL SPORTING GOODS (THAILAND) CO., LTD.",FINISHED GOODS,EQUIPMENT,NIKE,Collegiate,UNIVERSAL,NAKORNPRATHOM,,THAILAND,490,375,0.79,0.34
"VEGA BALL MANUFACTURING CO.,LTD.",FINISHED GOODS,EQUIPMENT,NIKE,,"VEGA BALL MANUFACTURING CO.,LTD.",MUANG,SAMUTPRAKARN,THAILAND,511,419,0.77,0.00
"VERTEX APPAREL CO., LTD.",FINISHED GOODS,APPAREL,NIKE,,HONG SENG,WARINCHAMRAB,UBONRATCHATHANI,THAILAND,3553,2068,0.70,0.45
VERTICAL KNITS S.A. DE C.V.,FINISHED GOODS,APPAREL,"NIKE, CONVERSE, HURLEY",Collegiate,VERTICAL KNITS,BACA,YUCATAN,MEXICO,2201,1421,0.41,0.00
VERTICAL KNITS S.A. DE C.V. (MDC - TIZIMIN),FINISHED GOODS,APPAREL,NIKE,,VERTICAL KNITS,TIZIMIN,"YUCATAN, MEXICO",MEXICO,433,364,0.44,0.00
"VIET HONG GARMENT EXPORT CO., LTD.",FINISHED GOODS,APPAREL,NIKE,,SOUTH ISLAND,BEN TRE,BEN TRE,VIETNAM,2278,1974,0.70,0.00
VIET KHANH COMPANY LIMITED,FINISHED GOODS,APPAREL,NIKE,,SOUTH ISLAND,TIEN GIANG,TIEN GIANG,VIETNAM,1722,1508,0.65,0.14
VIET LONG HUNG GARMENT COMPANY LIMITED,FINISHED GOODS,APPAREL,NIKE,,SOUTH ISLAND,GO CONG TOWN,TIEN GIANG,VIETNAM,1744,1525,0.78,0.00
"VIET NAM DONA GOLD LONG JOHN INTL CO., LTD.",MATERIALS,MATERIALS,NIKE,,GOLD LONG JOHN,NHON TRACH DISTRICT,DONG NAI PROVINCE,VIETNAM,,,0.00,0.00
VIET NAM PAIHO LTD,FINISHED GOODS - COMPONENTS,APPAREL,NIKE,Collegiate,TAIWAN PAIHO,HO CHI MINH CITY,THANH PHO HO CHI MINH,VIETNAM,2338,2043,0.58,0.02
VIET THINH GARMENT JOINT STOCK COMPANY,FINISHED GOODS,APPAREL,NIKE,,SOUTH ISLAND,HO CHI MINH,THANH HOA,VIETNAM,2225,2115,0.72,0.00
VIET TIEN GARMENT CORPORATION,FINISHED GOODS,APPAREL,NIKE,Collegiate,SOUTH ISLAND,HO CHI MINH,HO CHI MINH,VIETNAM,2694,2579,0.71,0.00
VIETNAM CHINGLUH SHOES CO. LTD.,FINISHED GOODS,FOOTWEAR,NIKE,,CHINGLUH,BEN LUC COUNTY,LONG AN PROVINCE,VIETNAM,22428,17373,0.78,0.22
VIETNAM MOC BAI JOINT STOCK COMPANY,FINISHED GOODS,FOOTWEAR,NIKE,,TAEKWANG,TAY NINH,TAY NINH,VIETNAM,15318,13877,0.83,0.00
VIETNAM POU SUNG CO. LTD.,FINISHED GOODS,FOOTWEAR,"NIKE, CONVERSE",,POU CHEN,TRANG BOM,DONG NAI,VIETNAM,16957,14650,0.84,0.00
VILLA VICTORIA,FINISHED GOODS,APPAREL,HURLEY,,NO SUPPLIER GROUP,ESTADO DE MEXICO,CP,MEXICO,630,600,0.66,0.00
VIMAL CLOTHING ENTERPRISE CC,FINISHED GOODS,APPAREL,NIKE,,VIMAL CLOTHING,DURBAN,KWAZULU NATAL,SOUTH AFRICA,341,184,0.92,0.00
VINH HIEP PRINTING CO. LTD,FINISHED GOODS,APPAREL,NIKE,,TUNG MUNG,HO CHI MINH CITY,THANH PHO HO CHI MINH,VIETNAM,161,143,0.54,0.00
"VINH HUNG - JOINT VENTURE CO., LTD (TMI VIETNAM)",FINISHED GOODS,APPAREL,NIKE,Collegiate,TUNG MUNG,HO CHI MINH,HO CHI MINH CITY,VIETNAM,2064,1551,0.64,0.00
"VINH LONG FOOTWEAR CO., LTD.",FINISHED GOODS,FOOTWEAR,CONVERSE,,LAI YI / BAO YI,LONG HO,VINH LONG,VIETNAM,9033,7339,0.82,0.00
VINH TIEN GARMENT FACTORY,FINISHED GOODS,APPAREL,NIKE,,SOUTH ISLAND,VINH LONG,VINH LONG,VIETNAM,2089,1990,0.79,0.00
"VUNG TAU ORIENT CO., LTD",FINISHED GOODS,EQUIPMENT,NIKE,,FENG TAY,VUNG TAU,BA RIA- VUNG TAU,VIETNAM,1366,1009,0.62,0.00
W.S. CALÇADOS LTDA.,FINISHED GOODS,FOOTWEAR,CONVERSE,,NO SUPPLIER GROUP,NOVA PETRÓPOLIS,RS,BRAZIL,93,92,0.83,0.00
"WALT TECHNOLOGY GROUP CO., LTD.",FINISHED GOODS,EQUIPMENT,"NIKE, HURLEY",,ZHEJIANG WALT,HAINING,ZHEJIANG,CHINA,910,500,0.73,0.00
WAN WAY,FINISHED GOODS,EQUIPMENT,NIKE,,NO SUPPLIER GROUP,TAINAN,TAIWAN,TAIWAN,11,6,0.45,0.00
"WELLPOWER  SPORTING  GOODS  CO., LTD",FINISHED GOODS,EQUIPMENT,NIKE,,WELLPOWER,DONGGUAN,SHENZHEN,CHINA,1579,1349,0.74,0.00
"WILSON INT'L IND CO., LTD",FINISHED GOODS,EQUIPMENT,NIKE,,GUANG DER,DONGGUAN,GUANGDONG,CHINA,547,458,0.59,0.00
"WORLDON VIETNAM CO., LTD.",FINISHED GOODS,APPAREL,NIKE,,NINGBO,HO CHI MINH,THANH PHO HO CHI MINH,VIETNAM,10495,9950,0.91,0.00
"XINCHANG SHOES CO.,LTD",FINISHED GOODS - COMPONENTS,FOOTWEAR,NIKE,,DEAN SHOES,XINNING,GUANGDONG,CHINA,4621,4334,0.88,0.00
YANCHENG XINBO APPAREL CO. LTD,FINISHED GOODS,APPAREL,CONVERSE,,NO SUPPLIER GROUP,YANCHENG,JIANGSU,CHINA,198,159,0.81,0.00
"YANGZHOU BAOYI  SHOES MANUFACTURING CO.,LTD.",FINISHED GOODS,FOOTWEAR,CONVERSE,,LAI YI / BAO YI,YANG ZHOU,JIANGSU,CHINA,2787,2321,0.80,0.00
"YANGZHOU BAOYI (ZHONGSHAN ) SHOES MANUFACTURING CO.,LTD.",FINISHED GOODS,FOOTWEAR,CONVERSE,,LAI YI / BAO YI,ZHONGSHAN,GUANGDONG,CHINA,16,,0.69,0.00
"YEGIN INDUSTRY (VIETNAM) CO., LTD",FINISHED GOODS,EQUIPMENT,NIKE,,XIAMEN PULSA,TAN PHUOC DISTRICT,TIEN GIANG,VIETNAM,894,608,0.75,0.16
YESIM TEKSTIL SANAYI VE TICARET  A.S.,MATERIALS,MATERIALS,NIKE,,YESIM,BURSA,BURSA,TURKEY,,,0.00,0.00
YESTERWEAR,FINISHED GOODS,APPAREL,"NIKE, CONVERSE, HURLEY",,NO SUPPLIER GROUP,LUMBERTON,NEW JERSEY,USA,70,55,0.60,0.00
YICHANE CO.LTD,FINISHED GOODS,EQUIPMENT,CONVERSE,,NO SUPPLIER GROUP,TAINAN,T'AI-WAN,TAIWAN,30,12,0.86,0.00
"YICHUN YISEN INDUSTRY CO., LTD",FINISHED GOODS - COMPONENTS,FOOTWEAR,NIKE,,POU CHEN,YICHUN CITY,JIANGXI PROVINCE,CHINA,3246,2829,0.97,0.04
YIECHANG,FINISHED GOODS,EQUIPMENT,NIKE,,NO SUPPLIER GROUP,FENG YUAN,TAICHUNG,TAIWAN,46,36,0.58,0.28
"YONGZHOU KAIXIANG SHOETOWN FOOTWEAR CO., LTD.",FINISHED GOODS - COMPONENTS,FOOTWEAR,NIKE,,SHOETOWN,YONGZHOU,HUNAN,CHINA,1151,1035,0.89,0.07
"YOON TEXTILE CO., LTD",MATERIALS,MATERIALS,NIKE,,JOONGANG,BUSAN,BUSAN,SOUTH KOREA,,,0.00,0.00
YOU YOUNG,FINISHED GOODS - COMPONENTS,FOOTWEAR,NIKE,,NO SUPPLIER GROUP,BUSAN,KOREA,SOUTH KOREA,239,86,0.17,0.00
YOU YOUNG (KOREA),MATERIALS,MATERIALS,"NIKE, CONVERSE",,YOU YOUNG,BUSAN,,SOUTH KOREA,,,0.00,0.00
YOU YOUNG (VIETNAM),MATERIALS,MATERIALS,NIKE,,YOU YOUNG,BEN CAT,BINH DUONG,VIETNAM,,,0.00,0.00
YOUNG IL LEATHER CO. (KOREA),MATERIALS,MATERIALS,NIKE,,YOUNG IL,SAHA-GU,BUSAN,SOUTH KOREA,,,0.00,0.00
YOUNG IL VIETNAM,MATERIALS,MATERIALS,NIKE,,YOUNG IL,TRANG BANG DISTRICT,TAY NINH,VIETNAM,,,0.00,0.00
"YOUNG POONG TEXTILE CO., LTD",MATERIALS,MATERIALS,NIKE,,JOONGANG,BUSAN,SOUTH GYEONGSANG,SOUTH KOREA,,,0.00,0.00
"YRC TEXTILE CO.,LTD.",MATERIALS,MATERIALS,NIKE,,YRC,KRATOOMBAN,SAMUTSAKORN,THAILAND,,,0.00,0.00
YUAN LING,FINISHED GOODS - COMPONENTS,FOOTWEAR,NIKE,,YUAN LING,CHANGHUA CITY,T'AI-WAN,TAIWAN,245,116,0.47,0.63
"YUMEI(SHANTOU GARMENTS CO., LTD)",FINISHED GOODS,APPAREL,"NIKE, HURLEY",Collegiate,EAGLE NICE,SHANTOU,GUANGDONG,CHINA,2480,1762,0.75,0.00
YUPOONG VIET NAM,FINISHED GOODS,APPAREL,HURLEY,,YUPOONG,BIEN HOA CITY,DONG NAI,VIETNAM,2002,1869,0.92,0.00
"ZAO ZHUANG RUIXING SHOES CO., LTD",FINISHED GOODS - COMPONENTS,FOOTWEAR,NIKE,,CHANGSHIN,ZAOZHUANG CITY,SHANDONG,CHINA,2026,1916,0.96,0.00
ZHANGJIAGANG CHINA RESOURCES ACCESSORIZES CO.LTD,FINISHED GOODS,EQUIPMENT,"NIKE, CONVERSE, HURLEY",,NO SUPPLIER GROUP,ZHANGJIAGANG,JIANGSU,CHINA,232,202,0.78,0.00
"ZHANGJIAJIE EXCELLENCE SPORT PRODUCTS CO., LTD.",FINISHED GOODS,EQUIPMENT,NIKE,,NO SUPPLIER GROUP,ZHANGJIAJIE,HUNAN,CHINA,268,243,0.95,0.00
"ZHEJIANG CLIS FASHION CO., LTD.",FINISHED GOODS,APPAREL,"NIKE, CONVERSE, HURLEY",,NO SUPPLIER GROUP,HANGZHOU,ZHEJIANG,CHINA,46,38,0.72,0.00
ZHEJIANG GUANGTAI DELTA SOCKS CO. LTD.,FINISHED GOODS,EQUIPMENT,NIKE,,DELTA,"CAOTA TOWN, ZHUJI",ZHEJIANG,CHINA,241,197,0.56,0.89
ZHEJIANG QIAOER TINTING GARMENT CO LTD,FINISHED GOODS,APPAREL,NIKE,,DELTA,SHANGYU CITY,ZHEJIANG,CHINA,1213,972,0.79,0.00
ZHENJIANG TUNTEX GARMENT CO; LTD.,FINISHED GOODS,APPAREL,NIKE,,TUNG MUNG,ZHENJIANG,JIANGSU,CHINA,538,401,0.90,0.00
"ZHIJIE FOOTWEAR TECHNICAL SERVICE(ZHONGSHAN)CO.,LTD..",FINISHED GOODS,FOOTWEAR,CONVERSE,,HONG FU,ZHONGSHAN,GUANGDONG,CHINA,658,258,0.74,0.00
"ZHONGSHAN CITY SANXIANG HENG LONG GARMENT FACTORY CO.,LTD.",FINISHED GOODS,APPAREL,NIKE,,FU SON,ZHONGSHAN,GUANGDONG,CHINA,898,509,0.59,0.79
"ZHONGSHAN WEI LI TEXTILE CO.,LTD.",FINISHED GOODS,EQUIPMENT,CONVERSE,,SUPERCAP,ZHONGSHAN,GUANGDONG,CHINA,2434,2140,0.65,0.00
"ZHUJI HENGTAI KNITTING & TEXTILE CO., LTD.",FINISHED GOODS,EQUIPMENT,"NIKE, CONVERSE, HURLEY",,DELTA,ZHUJI,ZHEJIANG,CHINA,146,135,0.59,0.84
